run,filename,slugnr,label,labelname,velocity,length,startind,endind,starttime,endtime
49,1_r49.txt,1,1,Aerated Slug,4.023200389105056,3.0844536316472095,0,145279,0.0,18.159875
49,2_r49.txt,2,1,Aerated Slug,3.3407512116316624,2.7839593430263854,145280,290434,18.16,36.30425
49,3_r49.txt,3,1,Aerated Slug,2.9892908769675546,2.092503613877288,290435,438576,36.304375,54.822
49,4_r49.txt,4,1,Aerated Slug,3.428762896094324,2.743010316875459,438577,573187,54.822125,71.648375
49,5_r49.txt,5,1,Aerated Slug,3.489841552597036,2.791873242077629,573188,703382,71.6485,87.92275
49,6_r49.txt,6,1,Aerated Slug,2.9931368607269215,2.29473825989064,703383,837526,87.922875,104.69075
49,7_r49.txt,7,1,Aerated Slug,3.002310856589772,2.4018486852718177,837527,966905,104.690875,120.863125
49,8_r49.txt,8,2,Breaking Wave,,,966906,1140830,120.86325,142.60375
49,9_r49.txt,9,2,Breaking Wave,,,1140831,1303883,142.603875,162.985375
49,10_r49.txt,10,2,Breaking Wave,,,1303884,1445869,162.9855,180.733625
49,11_r49.txt,11,1,Aerated Slug,3.5517795801526706,3.078208969465648,1445870,1596793,180.73375,199.599125
49,12_r49.txt,12,2,Breaking Wave,,,1596794,1708581,199.59925,213.572625
49,13_r49.txt,13,2,Breaking Wave,,,1708582,1862530,213.57275,232.81625
49,14_r49.txt,14,1,Aerated Slug,3.09672628951747,2.3741568219633935,1862531,2032549,232.816375,254.068625
49,15_r49.txt,15,1,Aerated Slug,3.2316938704636216,2.693078225386351,2032550,2158592,254.06875,269.824
49,16_r49.txt,16,2,Breaking Wave,,,2158593,2261091,269.824125,282.636375
49,17_r49.txt,17,2,Breaking Wave,,,2261092,2342784,282.6365,292.848
49,18_r49.txt,18,1,Aerated Slug,3.1983717133528087,2.3454725897920596,2342785,2462871,292.848125,307.858875
49,19_r49.txt,19,1,Aerated Slug,3.3312567934782615,2.7760473278985516,2462872,2604754,307.859,325.59425
49,20_r49.txt,20,1,Aerated Slug,3.5248721590909087,2.9373934659090906,2604755,2736737,325.594375,342.092125
49,21_r49.txt,21,1,Aerated Slug,3.0311604234527674,2.3238896579804553,2736738,2875786,342.09225,359.47325
49,22_r49.txt,22,2,Breaking Wave,,,2875787,3071144,359.473375,383.893
49,23_r49.txt,23,2,Breaking Wave,,,3071145,3276706,383.893125,409.58825
49,24_r49.txt,24,2,Breaking Wave,,,3276707,3424878,409.588375,428.10975
49,25_r49.txt,25,1,Aerated Slug,2.9859202453987748,2.4882668711656457,3424879,3555814,428.109875,444.47675
49,26_r49.txt,26,1,Aerated Slug,3.4376292944218685,2.635515792390099,3555815,3693383,444.476875,461.672875
49,27_r49.txt,27,1,Aerated Slug,2.8562499999999993,2.2849999999999997,3693384,3838137,461.673,479.767125
49,28_r49.txt,28,2,Breaking Wave,,,3838138,3981856,479.76725,497.732
49,29_r49.txt,29,1,Aerated Slug,4.237645909926472,3.3901167279411775,3981857,4122393,497.732125,515.299125
49,30_r49.txt,30,1,Aerated Slug,2.7836262339216264,2.1341134460065803,4122394,4256619,515.29925,532.077375
49,31_r49.txt,31,2,Breaking Wave,,,4256620,4394657,532.0775,549.332125
49,32_r49.txt,32,1,Aerated Slug,3.838969678217822,2.687278774752475,4394658,4520948,549.33225,565.1185
49,33_r49.txt,33,2,Breaking Wave,,,4520949,4668032,565.118625,583.504
49,34_r49.txt,34,1,Aerated Slug,3.327015552377547,2.661612441902038,4668033,4825960,583.504125,603.245
49,35_r49.txt,35,1,Aerated Slug,2.8685766029593087,2.1036228421701595,4825961,4962319,603.245125,620.289875
49,36_r49.txt,36,2,Breaking Wave,,,4962320,5119071,620.29,639.883875
49,37_r49.txt,37,2,Breaking Wave,,,5119072,5237463,639.884,654.682875
49,38_r49.txt,38,2,Breaking Wave,,,5237464,5319143,654.683,664.892875
49,39_r49.txt,39,2,Breaking Wave,,,5319144,5444859,664.893,680.607375
49,40_r49.txt,40,2,Breaking Wave,,,5444860,5563355,680.6075,695.419375
49,41_r49.txt,41,1,Aerated Slug,2.5942744633398376,1.8159921243378863,5563356,5669729,695.4195,708.716125
49,42_r49.txt,42,1,Aerated Slug,2.455643884417469,1.8826603113867262,5669730,5811737,708.71625,726.467125
49,43_r49.txt,43,1,Aerated Slug,3.3069163113006406,2.5353025053304914,5811738,5957555,726.46725,744.694375
49,44_r49.txt,44,1,Aerated Slug,2.966420943576665,2.27425605674211,5957556,6091348,744.6945,761.4185
49,45_r49.txt,45,1,Aerated Slug,3.2193954333160337,2.5755163466528272,6091349,6218650,761.418625,777.33125
49,46_r49.txt,46,2,Breaking Wave,,,6218651,6360462,777.331375,795.05775
49,47_r49.txt,47,2,Breaking Wave,,,6360463,6518499,795.057875,814.812375
49,48_r49.txt,48,1,Aerated Slug,2.8005315726767277,2.053723153296267,6518500,6673992,814.8125,834.249
49,49_r49.txt,49,1,Aerated Slug,3.250318721620677,2.600254977296542,6673993,6822655,834.249125,852.831875
49,50_r49.txt,50,2,Breaking Wave,,,6822656,6970056,852.832,871.257
49,51_r49.txt,51,2,Breaking Wave,,,6970057,7119271,871.257125,889.908875
49,52_r49.txt,52,2,Breaking Wave,,,7119272,7217144,889.909,902.143
49,53_r49.txt,53,1,Aerated Slug,2.2358631667467552,1.5651042167227285,7217145,7314826,902.143125,914.35325
49,54_r49.txt,54,1,Aerated Slug,3.3643031453362244,2.803585954446854,7314827,7450433,914.353375,931.304125
49,55_r49.txt,55,1,Aerated Slug,2.760505043013942,2.2084040344111537,7450434,7583636,931.30425,947.9545
49,56_r49.txt,56,1,Aerated Slug,1.9588806441427211,1.501808493842753,7583637,7725144,947.954625,965.643
49,57_r49.txt,57,1,Aerated Slug,4.203052514935441,3.362442011948353,7725145,7862843,965.643125,982.855375
49,58_r49.txt,58,1,Aerated Slug,1.9903885859849844,1.3932720101894889,7862844,7973412,982.8555,996.6765
49,59_r49.txt,59,2,Breaking Wave,,,7973413,8131429,996.676625,1016.428625
49,60_r49.txt,60,1,Aerated Slug,3.303981004793183,2.863450204154092,8131430,8313780,1016.42875,1039.2225
49,61_r49.txt,61,1,Aerated Slug,2.7728434147794983,2.1258466179976154,8313781,8447082,1039.222625,1055.88525
49,62_r49.txt,62,1,Aerated Slug,2.8944517884914456,2.2190797045101083,8447083,8580339,1055.885375,1072.542375
49,63_r49.txt,63,1,Aerated Slug,3.813014751075599,3.3046127842655193,8580340,8711758,1072.5425,1088.96975
49,64_r49.txt,64,1,Aerated Slug,3.898476120653539,2.988831692501047,8711759,8845789,1088.969875,1105.723625
49,65_r49.txt,65,2,Breaking Wave,,,8845790,8970029,1105.72375,1121.253625
49,66_r49.txt,66,2,Breaking Wave,,,8970030,9063482,1121.25375,1132.93525
49,67_r49.txt,67,1,Aerated Slug,3.1560666440562986,2.314448872307952,9063483,9167472,1132.935375,1145.934
49,68_r49.txt,68,1,Aerated Slug,2.4230341101419075,1.776891680770732,9167473,9299065,1145.934125,1162.383125
49,69_r49.txt,69,1,Aerated Slug,3.2423911149825786,2.701992595818816,9299066,9433845,1162.38325,1179.230625
49,70_r49.txt,70,2,Breaking Wave,,,9433846,9556940,1179.23075,1194.6175
49,71_r49.txt,71,2,Breaking Wave,,,9556941,9658806,1194.617625,1207.35075
49,72_r49.txt,72,2,Breaking Wave,,,9658807,9748528,1207.350875,1218.566
49,73_r49.txt,73,2,Breaking Wave,,,9748529,9830137,1218.566125,1228.767125
49,74_r49.txt,74,2,Breaking Wave,,,9830138,9907511,1228.76725,1238.438875
49,75_r49.txt,75,1,Aerated Slug,3.508922511312216,2.807138009049773,9907512,10051664,1238.439,1256.458
49,76_r49.txt,76,1,Aerated Slug,3.0008585940019348,2.7007727346017414,10051665,10226794,1256.458125,1278.34925
49,77_r49.txt,77,1,Aerated Slug,2.789885324539049,2.138912082146604,10226795,10372696,1278.349375,1296.587
49,78_r49.txt,78,1,Aerated Slug,2.631444771104577,1.8420113397732039,10372697,10517147,1296.587125,1314.643375
49,79_r49.txt,79,1,Aerated Slug,3.8326451812191094,3.4493806630971986,10517148,10654122,1314.6435,1331.76525
49,80_r49.txt,80,1,Aerated Slug,3.5908402469612186,2.752977522670268,10654123,10799422,1331.765375,1349.92775
49,81_r49.txt,81,2,Breaking Wave,,,10799423,10918342,1349.927875,1364.79275
49,82_r49.txt,82,2,Breaking Wave,,,10918343,11002429,1364.792875,1375.303625
49,83_r49.txt,83,2,Breaking Wave,,,11002430,11109465,1375.30375,1388.683125
49,84_r49.txt,84,2,Breaking Wave,,,11109466,11245300,1388.68325,1405.6625
49,85_r49.txt,85,1,Aerated Slug,3.2548662119622245,2.6038929695697797,11245301,11413414,1405.662625,1426.67675
49,86_r49.txt,86,1,Aerated Slug,3.5936136319752845,2.874890905580228,11413415,11575268,1426.676875,1446.9085
49,87_r49.txt,87,1,Aerated Slug,3.356415689810639,2.9088935978358874,11575269,11712492,1446.908625,1464.0615
49,88_r49.txt,88,2,Breaking Wave,,,11712493,11870280,1464.061625,1483.785
49,89_r49.txt,89,1,Aerated Slug,3.6159558966388174,3.133828443753642,11870281,12025909,1483.785125,1503.238625
49,90_r49.txt,90,2,Breaking Wave,,,12025910,12129568,1503.23875,1516.196
49,91_r49.txt,91,2,Breaking Wave,,,12129569,12202083,1516.196125,1525.260375
49,92_r49.txt,92,2,Breaking Wave,,,12202084,12303415,1525.2605,1537.926875
49,93_r49.txt,93,1,Aerated Slug,3.3069163113006406,2.5353025053304914,12303416,12440136,1537.927,1555.017
49,94_r49.txt,94,1,Aerated Slug,2.582037319644839,2.1516977663706993,12440137,12583175,1555.017125,1572.896875
49,95_r49.txt,95,2,Breaking Wave,,,12583176,12729645,1572.897,1591.205625
49,96_r49.txt,96,2,Breaking Wave,,,12729646,12918289,1591.20575,1614.786125
49,97_r49.txt,97,1,Aerated Slug,1.8485622765196656,1.3556123361144214,12918290,13096940,1614.78625,1637.1175
49,98_r49.txt,98,1,Aerated Slug,4.134012661039537,3.7206113949355837,13096941,13234524,1637.117625,1654.3155
49,99_r49.txt,99,1,Aerated Slug,2.765697327343334,2.2125578618746675,13234525,13374273,1654.315625,1671.784125
49,100_r49.txt,100,1,Aerated Slug,1.7485273393461103,1.2822533821871474,13374274,13526204,1671.78425,1690.7755
49,101_r49.txt,101,1,Aerated Slug,2.836659807956103,2.080217192501142,13526205,13677553,1690.775625,1709.694125
49,102_r49.txt,102,1,Aerated Slug,2.5164041373715516,1.9292431719848564,13677554,13821271,1709.69425,1727.658875
49,103_r49.txt,103,1,Aerated Slug,3.250318721620677,2.3835670625218297,13821272,13971492,1727.659,1746.4365
49,104_r49.txt,104,2,Breaking Wave,,,13971493,14101165,1746.436625,1762.645625
49,105_r49.txt,105,2,Breaking Wave,,,14101166,14173968,1762.64575,1771.746
49,106_r49.txt,106,1,Aerated Slug,2.025976063764861,1.4857157800942313,14173969,14263232,1771.746125,1782.904
49,107_r49.txt,107,1,Aerated Slug,2.549147377071634,1.8693747431858647,14263233,14399522,1782.904125,1799.94025
49,108_r49.txt,108,1,Aerated Slug,2.4871475344113314,1.8239081919016429,14399523,14533909,1799.940375,1816.738625
49,109_r49.txt,109,1,Aerated Slug,2.831481058877225,1.9820367412140574,14533910,14665903,1816.73875,1833.237875
49,110_r49.txt,110,1,Aerated Slug,3.4105415063221547,2.614748488180319,14665904,14804001,1833.238,1850.500125
49,111_r49.txt,111,2,Breaking Wave,,,14804002,14930882,1850.50025,1866.36025
49,112_r49.txt,112,2,Breaking Wave,,,14930883,15023613,1866.360375,1877.951625
49,113_r49.txt,113,2,Breaking Wave,,,15023614,15146889,1877.95175,1893.361125
49,114_r49.txt,114,2,Breaking Wave,,,15146890,15285044,1893.36125,1910.6305
49,115_r49.txt,115,2,Breaking Wave,,,15285045,15399999,1910.630625,1924.999875
51,1_r51.txt,1,2,Breaking Wave,,,0,98057,0.0,12.257125
51,2_r51.txt,2,1,Aerated Slug,3.403680504754937,3.063312454279443,98058,208348,12.25725,26.0435
51,3_r51.txt,3,1,Aerated Slug,3.8429330993186026,3.202444249432169,208349,284877,26.043625,35.609625
51,4_r51.txt,4,1,Aerated Slug,3.380803814713896,3.268110354223433,284878,361588,35.60975,45.1985
51,5_r51.txt,5,1,Aerated Slug,3.1305845248107653,2.7131732548359966,361589,438989,45.198625,54.873625
51,6_r51.txt,6,1,Aerated Slug,3.2071902464242625,2.8864712217818362,438990,517226,54.87375,64.65325
51,7_r51.txt,7,1,Aerated Slug,3.4587112060955194,2.9975497119494503,517227,595943,64.653375,74.492875
51,8_r51.txt,8,1,Aerated Slug,3.237315185249607,3.0214941728996334,595944,673269,74.493,84.158625
51,9_r51.txt,9,1,Aerated Slug,3.0247562164797657,2.722280594831789,673270,751479,84.15875,93.934875
51,10_r51.txt,10,1,Aerated Slug,3.015933398152649,2.814871171609139,751480,830838,93.935,103.85475
51,11_r51.txt,11,1,Aerated Slug,3.4205706671567726,3.1925326226796544,830839,908327,103.854875,113.540875
51,12_r51.txt,12,1,Aerated Slug,3.249751178627553,2.8164510214772127,908328,984581,113.541,123.072625
51,13_r51.txt,13,1,Aerated Slug,3.1668070444104135,2.9556865747830527,984582,1062158,123.07275,132.76975
51,14_r51.txt,14,1,Aerated Slug,3.262283085013145,3.153540315512707,1062159,1141232,132.769875,142.654
51,15_r51.txt,15,1,Aerated Slug,3.6279385964912283,3.5070073099415207,1141233,1218663,142.654125,152.332875
51,16_r51.txt,16,1,Aerated Slug,3.564705037349165,3.0894110323692767,1218664,1294613,152.333,161.826625
51,17_r51.txt,17,1,Aerated Slug,2.9198815500470654,2.627893395042359,1294614,1370583,161.82675,171.322875
51,18_r51.txt,18,1,Aerated Slug,3.1295316966537747,2.92089625021019,1370584,1447355,171.323,180.919375
51,19_r51.txt,19,1,Aerated Slug,3.1263774567444984,2.917952292961532,1447356,1525230,180.9195,190.65375
51,20_r51.txt,20,1,Aerated Slug,3.334765275040314,3.1124475900376267,1525231,1601804,190.653875,200.2255
51,21_r51.txt,21,1,Aerated Slug,3.1211344960590295,3.0170966795237284,1601805,1677420,200.225625,209.6775
51,22_r51.txt,22,1,Aerated Slug,3.236752173913043,3.0209686956521735,1677421,1754960,209.677625,219.37
51,23_r51.txt,23,1,Aerated Slug,3.2963735387885222,3.0766153028692873,1754961,1833575,219.370125,229.196875
51,24_r51.txt,24,1,Aerated Slug,2.964530901561006,2.7668955081236057,1833576,1910870,229.197,238.85875
51,25_r51.txt,25,1,Aerated Slug,3.2514544025157224,3.143072589098532,1910871,1988492,238.858875,248.5615
51,26_r51.txt,26,1,Aerated Slug,3.4427164261931185,3.4427164261931185,1988493,2066686,248.561625,258.33575
51,27_r51.txt,27,1,Aerated Slug,3.4224577050386165,2.9661300110334676,2066687,2143122,258.335875,267.89025
51,28_r51.txt,28,1,Aerated Slug,3.233940052128583,2.802748045178105,2143123,2219413,267.890375,277.426625
51,29_r51.txt,29,1,Aerated Slug,3.2525908773156234,2.81891209367354,2219414,2297052,277.42675,287.1315
51,30_r51.txt,30,1,Aerated Slug,3.2038776037183667,2.990285763470476,2297053,2374617,287.131625,296.827125
51,31_r51.txt,31,1,Aerated Slug,3.3521838976945237,2.9052260446685874,2374618,2451873,296.82725,306.484125
51,32_r51.txt,32,1,Aerated Slug,3.4516552299703256,3.3366000556379816,2451874,2529672,306.48425,316.209
51,33_r51.txt,33,1,Aerated Slug,3.3377555595408883,3.2264970408895253,2529673,2607052,316.209125,325.8815
51,34_r51.txt,34,1,Aerated Slug,3.2975416371367814,2.7479513642806515,2607053,2682769,325.881625,335.346125
51,35_r51.txt,35,1,Aerated Slug,3.4522954924874796,3.1070659432387315,2682770,2758472,335.34625,344.809
51,36_r51.txt,36,1,Aerated Slug,3.1797924141465916,3.0737993336750384,2758473,2836158,344.809125,354.51975
51,37_r51.txt,37,1,Aerated Slug,3.132406986823855,2.9235798543689313,2836159,2914487,354.519875,364.310875
51,38_r51.txt,38,1,Aerated Slug,3.147526636225266,2.9376915271435817,2914488,2993402,364.311,374.17525
51,39_r51.txt,39,1,Aerated Slug,3.2747418326693225,2.94726764940239,2993403,3070833,374.175375,383.854125
51,40_r51.txt,40,1,Aerated Slug,3.480053290949887,3.364051514584891,3070834,3148243,383.85425,393.530375
51,41_r51.txt,41,1,Aerated Slug,3.013003885381252,3.013003885381252,3148244,3226874,393.5305,403.35925
51,42_r51.txt,42,1,Aerated Slug,3.428762896094325,2.74301031687546,3226875,3303296,403.359375,412.912
51,43_r51.txt,43,1,Aerated Slug,2.621107558139535,1.572664534883721,3303297,3400509,412.912125,425.063625
51,44_r51.txt,44,1,Aerated Slug,3.4787523364485984,3.4787523364485984,3400510,3499235,425.06375,437.404375
51,45_r51.txt,45,1,Aerated Slug,2.736959558823529,2.5544955882352935,3499236,3578634,437.4045,447.32925
51,46_r51.txt,46,1,Aerated Slug,3.1055105956949762,2.6914425162689795,3578635,3657733,447.329375,457.216625
51,47_r51.txt,47,1,Aerated Slug,3.386340065502182,2.8219500545851517,3657734,3735017,457.21675,466.877125
51,48_r51.txt,48,1,Aerated Slug,3.386340065502183,3.2734620633187768,3735018,3813100,466.87725,476.6375
51,49_r51.txt,49,1,Aerated Slug,3.1326923076923077,2.9238461538461538,3813101,3892490,476.637625,486.56125
51,50_r51.txt,50,1,Aerated Slug,3.3353629032258065,2.8906478494623657,3892491,3969478,486.561375,496.18475
51,51_r51.txt,51,1,Aerated Slug,3.2785017751479275,3.1692183826429967,3969479,4046778,496.184875,505.84725
51,52_r51.txt,52,1,Aerated Slug,3.031219298562451,2.829138011991621,4046779,4126052,505.847375,515.7565
51,53_r51.txt,53,1,Aerated Slug,2.944364024679639,2.649927622211675,4126053,4203399,515.756625,525.424875
51,54_r51.txt,54,1,Aerated Slug,3.2588557170372963,2.71571309753108,4203400,4278067,525.425,534.758375
51,55_r51.txt,55,1,Aerated Slug,3.5262078438802567,2.7034260136415305,4278068,4354010,534.7585,544.25125
51,56_r51.txt,56,1,Aerated Slug,3.771556543837357,2.5143710292249044,4354011,4420456,544.251375,552.557
51,57_r51.txt,57,1,Aerated Slug,2.8505628733343533,1.8053564864450904,4420457,4476025,552.557125,559.503125
51,58_r51.txt,58,1,Aerated Slug,3.0445485031899224,2.029699002126615,4476026,4557604,559.50325,569.7005
51,59_r51.txt,59,2,Breaking Wave,,,4557605,4662699,569.700625,582.837375
51,60_r51.txt,60,1,Aerated Slug,3.5222038228614676,2.700356264193792,4662700,4753453,582.8375,594.181625
51,61_r51.txt,61,1,Aerated Slug,2.9116591051314136,2.6204931946182723,4753454,4831534,594.18175,603.94175
51,62_r51.txt,62,1,Aerated Slug,3.303394568690095,2.9730551118210857,4831535,4910259,603.941875,613.782375
51,63_r51.txt,63,1,Aerated Slug,3.1760136118794575,2.646678009899548,4910260,4989252,613.7825,623.6565
51,64_r51.txt,64,1,Aerated Slug,3.1200880134115665,2.9120821458507953,4989253,5067571,623.656625,633.446375
51,65_r51.txt,65,1,Aerated Slug,3.357626736424318,3.0218640627818862,5067572,5145943,633.4465,643.242875
51,66_r51.txt,66,1,Aerated Slug,3.248049738219895,3.0315130890052355,5145944,5224327,643.243,653.040875
51,67_r51.txt,67,1,Aerated Slug,2.98593373977218,2.488278116476817,5224328,5301604,653.041,662.7005
51,68_r51.txt,68,1,Aerated Slug,3.6658115028560165,3.2992303525704147,5301605,5377947,662.700625,672.243375
51,69_r51.txt,69,1,Aerated Slug,2.984497273893521,2.5865643040410515,5377948,5455199,672.2435,681.899875
51,70_r51.txt,70,1,Aerated Slug,3.4768027274425544,2.7814421819540436,5455200,5533199,681.9,691.649875
51,71_r51.txt,71,1,Aerated Slug,3.4820065481758653,3.0177390084190834,5533200,5611134,691.65,701.39175
51,72_r51.txt,72,1,Aerated Slug,3.261711356466877,3.0442639327024184,5611135,5689754,701.391875,711.21925
51,73_r51.txt,73,1,Aerated Slug,3.1967236344898664,2.8770512710408798,5689755,5767506,711.219375,720.93825
51,74_r51.txt,74,1,Aerated Slug,3.0711757425742565,2.9688032178217814,5767507,5843264,720.938375,730.408
51,75_r51.txt,75,1,Aerated Slug,3.568122124233129,3.4491847200920245,5843265,5919848,730.408125,739.981
51,76_r51.txt,76,1,Aerated Slug,3.7804844606946975,3.1504037172455814,5919849,5996780,739.981125,749.5975
51,77_r51.txt,77,1,Aerated Slug,3.862873599003735,2.704011519302614,5996781,6058403,749.597625,757.300375
51,78_r51.txt,78,2,Breaking Wave,,,6058404,6123281,757.3005,765.410125
51,79_r51.txt,79,1,Aerated Slug,4.205949152542372,2.3833711864406775,6123282,6205587,765.41025,775.698375
51,80_r51.txt,80,1,Aerated Slug,2.3906647398843925,2.3906647398843925,6205588,6287050,775.6985,785.88125
51,81_r51.txt,81,1,Aerated Slug,2.756008440693025,2.388540648600622,6287051,6367355,785.881375,795.919375
51,82_r51.txt,82,1,Aerated Slug,3.377735934664247,1.8014591651542649,6367356,6448109,795.9195,806.013625
51,83_r51.txt,83,1,Aerated Slug,3.071175742574257,2.968803217821782,6448110,6523785,806.01375,815.473125
51,84_r51.txt,84,1,Aerated Slug,2.984497273893521,2.984497273893521,6523786,6603290,815.47325,825.41125
51,85_r51.txt,85,1,Aerated Slug,3.187962487153134,3.187962487153134,6603291,6685658,825.411375,835.70725
51,86_r51.txt,86,1,Aerated Slug,3.562657924961715,3.2063921324655436,6685659,6761661,835.707375,845.207625
51,87_r51.txt,87,1,Aerated Slug,3.2412617554858927,3.0251776384535,6761662,6839503,845.20775,854.937875
51,88_r51.txt,88,1,Aerated Slug,3.1269027217741923,2.814212449596773,6839504,6917330,854.938,864.66625
51,89_r51.txt,89,1,Aerated Slug,3.697064946619218,3.3273584519572963,6917331,6992521,864.666375,874.065125
51,90_r51.txt,90,1,Aerated Slug,3.1614277220995404,2.634523101749617,6992522,7068540,874.06525,883.5675
51,91_r51.txt,91,1,Aerated Slug,3.4529359925788494,3.2227402597402595,7068541,7147294,883.567625,893.41175
51,92_r51.txt,92,1,Aerated Slug,3.6244060370009725,3.3827789678675746,7147295,7226154,893.411875,903.26925
51,93_r51.txt,93,1,Aerated Slug,3.0575529817644154,2.751797683587974,7226155,7304129,903.269375,913.016125
51,94_r51.txt,94,1,Aerated Slug,3.4820065481758653,3.2498727782974743,7304130,7381169,913.01625,922.646125
51,95_r51.txt,95,1,Aerated Slug,3.4237168874172177,2.853097406181015,7381170,7457983,922.64625,932.247875
51,96_r51.txt,96,1,Aerated Slug,2.9499643366619113,1.7699786019971466,7457984,7537635,932.248,942.204375
51,97_r51.txt,97,1,Aerated Slug,3.113302944128471,3.0095261793241885,7537636,7617482,942.2045,952.18525
51,98_r51.txt,98,1,Aerated Slug,3.1044745621351115,2.897509591326104,7617483,7694846,952.185375,961.85575
51,99_r51.txt,99,1,Aerated Slug,3.4885332708528574,2.790826616682286,7694847,7769584,961.855875,971.198
51,100_r51.txt,100,1,Aerated Slug,3.244652196652719,2.8120319037656896,7769585,7844087,971.198125,980.510875
51,101_r51.txt,101,1,Aerated Slug,2.954647563105254,2.6591828067947287,7844088,7920942,980.511,990.11775
51,102_r51.txt,102,1,Aerated Slug,3.5016603951081833,3.151494355597365,7920943,7997937,990.117875,999.742125
51,103_r51.txt,103,1,Aerated Slug,3.614551369197902,2.891641095358322,7997938,8073851,999.74225,1009.231375
51,104_r51.txt,104,1,Aerated Slug,2.906657035764485,2.712879900046853,8073852,8150177,1009.2315,1018.772125
51,105_r51.txt,105,1,Aerated Slug,3.342551185344827,2.6740409482758616,8150178,8226975,1018.77225,1028.371875
51,106_r51.txt,106,1,Aerated Slug,3.567438182863713,3.329608970672799,8226976,8305489,1028.372,1038.186125
51,107_r51.txt,107,1,Aerated Slug,3.3377555595408883,1.780136298421807,8305490,8384846,1038.18625,1048.10575
51,108_r51.txt,108,1,Aerated Slug,3.155531536113936,2.945162767039674,8384847,8460742,1048.105875,1057.59275
51,109_r51.txt,109,1,Aerated Slug,4.779487673343605,3.504957627118644,8460743,8565947,1057.592875,1070.743375
51,110_r51.txt,110,1,Aerated Slug,3.0174002918287934,2.011600194552529,8565948,8681759,1070.7435,1085.219875
51,111_r51.txt,111,1,Aerated Slug,4.795497294511723,3.516698015975263,8681760,8772037,1085.22,1096.504625
51,112_r51.txt,112,1,Aerated Slug,3.2384417957195053,2.2669092570036535,8772038,8848071,1096.50475,1106.008875
51,113_r51.txt,113,1,Aerated Slug,3.913230656013456,2.478379415475189,8848072,8937526,1106.009,1117.19075
51,114_r51.txt,114,1,Aerated Slug,3.4807041331587794,3.2486571909481943,8937527,9032767,1117.190875,1129.095875
51,115_r51.txt,115,1,Aerated Slug,3.1311112045760425,3.1311112045760425,9032768,9112941,1129.096,1139.117625
51,116_r51.txt,116,1,Aerated Slug,3.243521261763681,3.135403886371558,9112942,9192625,1139.11775,1149.078125
51,117_r51.txt,117,1,Aerated Slug,3.9397385690093127,2.889141617273496,9192626,9267733,1149.07825,1158.466625
51,118_r51.txt,118,1,Aerated Slug,3.250886462882095,2.8174349344978156,9267734,9343891,1158.46675,1167.986375
51,119_r51.txt,119,1,Aerated Slug,3.162502124044179,3.0570853865760395,9343892,9421455,1167.9865,1177.681875
51,120_r51.txt,120,1,Aerated Slug,3.428762896094325,3.2001787030213698,9421456,9497906,1177.682,1187.23825
51,121_r51.txt,121,1,Aerated Slug,2.6930002893937193,2.4237002604543476,9497907,9575335,1187.238375,1196.916875
51,122_r51.txt,122,1,Aerated Slug,3.5511018889524895,3.3143617630223234,9575336,9654160,1196.917,1206.77
51,123_r51.txt,123,1,Aerated Slug,3.430658986175115,3.087593087557604,9654161,9732929,1206.770125,1216.616125
51,124_r51.txt,124,1,Aerated Slug,3.0336308068459656,2.8313887530562347,9732930,9811074,1216.61625,1226.38425
51,125_r51.txt,125,1,Aerated Slug,3.644991186839013,3.2804920681551115,9811075,9890036,1226.384375,1236.2545
51,126_r51.txt,126,1,Aerated Slug,4.2761109352167574,2.7082035923039465,9890037,9960381,1236.254625,1245.047625
51,127_r51.txt,127,1,Aerated Slug,2.8819022917311856,1.921268194487457,9960382,10023610,1245.04775,1252.95125
51,128_r51.txt,128,1,Aerated Slug,3.8332736619404644,2.555515774626976,10023611,10114847,1252.951375,1264.355875
51,129_r51.txt,129,1,Aerated Slug,2.9635867834394896,2.9635867834394896,10114848,10212806,1264.356,1276.60075
51,130_r51.txt,130,1,Aerated Slug,3.194528836251287,3.194528836251287,10212807,10292442,1276.600875,1286.55525
51,131_r51.txt,131,1,Aerated Slug,3.4376292944218685,3.2084540081270774,10292443,10370078,1286.555375,1296.25975
51,132_r51.txt,132,1,Aerated Slug,3.4587112060955194,2.5363882178033808,10370079,10444818,1296.259875,1305.60225
51,133_r51.txt,133,1,Aerated Slug,3.6251119984417604,2.537578398909232,10444819,10520685,1305.602375,1315.085625
51,134_r51.txt,134,1,Aerated Slug,3.489841552597036,3.2571854490905667,10520686,10599653,1315.08575,1324.956625
51,135_r51.txt,135,1,Aerated Slug,3.093123649659298,2.8869154063486784,10599654,10678997,1324.95675,1334.874625
51,136_r51.txt,136,1,Aerated Slug,3.0076478668390427,2.907392937944408,10678998,10757486,1334.87475,1344.68575
51,137_r51.txt,137,1,Aerated Slug,2.9522819996067624,2.657053799646086,10757487,10837088,1344.685875,1354.636
51,138_r51.txt,138,1,Aerated Slug,3.465150809905045,3.3496457829082105,10837089,10915615,1354.636125,1364.451875
51,139_r51.txt,139,1,Aerated Slug,3.3875728066982154,3.048815526028394,10915616,10993410,1364.452,1374.17625
51,140_r51.txt,140,1,Aerated Slug,3.6708727810650874,3.181423076923076,10993411,11071147,1374.176375,1383.893375
51,141_r51.txt,141,1,Aerated Slug,3.383877272727272,3.158285454545454,11071148,11148759,1383.8935,1393.594875
51,142_r51.txt,142,1,Aerated Slug,3.219395433316035,2.897455889984432,11148760,11227626,1393.595,1403.45325
51,143_r51.txt,143,1,Aerated Slug,3.266864139020536,2.8312822538177977,11227627,11305217,1403.453375,1413.152125
51,144_r51.txt,144,1,Aerated Slug,3.456142061281336,3.3409373259052915,11305218,11382286,1413.15225,1422.78575
51,145_r51.txt,145,1,Aerated Slug,3.153547684700962,2.8381929162308657,11382287,11459272,1422.785875,1432.409
51,146_r51.txt,146,1,Aerated Slug,4.279449298689353,2.995614509082547,11459273,11527404,1432.409125,1440.9255
51,147_r51.txt,147,2,Breaking Wave,,,11527405,11585964,1440.925625,1448.2455
51,148_r51.txt,148,1,Aerated Slug,3.8596692243882194,2.830424097884694,11585965,11647895,1448.245625,1455.986875
51,149_r51.txt,149,1,Aerated Slug,1.6940809744779584,0.959979218870843,11647896,11730894,1455.987,1466.36175
51,150_r51.txt,150,2,Breaking Wave,,,11730895,11870211,1466.361875,1483.776375
51,151_r51.txt,151,1,Aerated Slug,3.496397708059365,3.030211346984783,11870212,12000533,1483.7765,1500.066625
51,152_r51.txt,152,1,Aerated Slug,2.8676926040061628,1.6250258089368255,12000534,12080776,1500.06675,1510.097
51,153_r51.txt,153,1,Aerated Slug,3.253159412690089,3.0362821185107496,12080777,12162250,1510.097125,1520.28125
51,154_r51.txt,154,1,Aerated Slug,3.0351149706457923,3.136285469667319,12162251,12244023,1520.281375,1530.502875
51,155_r51.txt,155,1,Aerated Slug,3.255435543117019,3.038406506909218,12244024,12323634,1530.503,1540.45425
51,156_r51.txt,156,1,Aerated Slug,3.5122334402717486,2.809786752217399,12323635,12398907,1540.454375,1549.863375
51,157_r51.txt,157,2,Breaking Wave,,,12398908,12460926,1549.8635,1557.61575
51,158_r51.txt,158,1,Aerated Slug,3.995741319039853,1.9978706595199265,12460927,12550609,1557.615875,1568.826125
51,159_r51.txt,159,1,Aerated Slug,3.8445207601735163,3.4600686841561648,12550610,12653470,1568.82625,1581.68375
51,160_r51.txt,160,1,Aerated Slug,3.161964831804281,3.161964831804281,12653471,12733123,1581.683875,1591.640375
51,161_r51.txt,161,1,Aerated Slug,3.1055105956949776,3.0019935758384784,12733124,12813190,1591.6405,1601.64875
51,162_r51.txt,162,1,Aerated Slug,3.428762896094324,3.428762896094324,12813191,12893835,1601.648875,1611.729375
51,163_r51.txt,163,1,Aerated Slug,3.0640969706947643,3.0640969706947643,12893836,12974113,1611.7295,1621.764125
51,164_r51.txt,164,1,Aerated Slug,2.7967271604938277,1.8644847736625518,12974114,13069034,1621.76425,1633.62925
51,165_r51.txt,165,1,Aerated Slug,3.5142229984894247,2.5770968655589113,13069035,13184088,1633.629375,1648.011
51,166_r51.txt,166,1,Aerated Slug,4.880148807670755,3.741447419214246,13184089,13290886,1648.011125,1661.36075
51,167_r51.txt,167,1,Aerated Slug,3.962587178111587,2.6417247854077246,13290887,13399289,1661.360875,1674.911125
51,168_r51.txt,168,1,Aerated Slug,2.790303598200899,2.604283358320839,13399290,13501345,1674.91125,1687.668125
51,169_r51.txt,169,1,Aerated Slug,3.3539152542372896,3.1303209039548037,13501346,13582948,1687.66825,1697.8685
51,170_r51.txt,170,1,Aerated Slug,3.034984662576688,1.7198246421267898,13582949,13664260,1697.868625,1708.0325
51,171_r51.txt,171,1,Aerated Slug,3.644991186839013,3.1589923619271447,13664261,13743239,1708.032625,1717.904875
51,172_r51.txt,172,1,Aerated Slug,3.7621437234687685,2.5080958156458455,13743240,13817715,1717.905,1727.214375
51,173_r51.txt,173,1,Aerated Slug,2.504214881593111,1.6694765877287407,13817716,13910201,1727.2145,1738.775125
51,174_r51.txt,174,2,Breaking Wave,,,13910202,14006346,1738.77525,1750.79325
51,175_r51.txt,175,1,Aerated Slug,4.533818514007308,3.173672959805115,14006347,14082295,1750.793375,1760.286875
51,176_r51.txt,176,1,Aerated Slug,3.212172074559889,1.9273032447359335,14082296,14168064,1760.287,1771.008
51,177_r51.txt,177,1,Aerated Slug,3.6300614394382675,3.1460532475131653,14168065,14257000,1771.008125,1782.125
51,178_r51.txt,178,1,Aerated Slug,3.21732812016104,3.0028395788169706,14257001,14335332,1782.125125,1791.9165
51,179_r51.txt,179,1,Aerated Slug,3.154461864406779,3.04931313559322,14335333,14415335,1791.916625,1801.916875
51,180_r51.txt,180,1,Aerated Slug,3.187962487153134,3.294227903391572,14415336,14519999,1801.917,1814.999875
53,1_r53.txt,1,2,Breaking Wave,,,0,89334,0.0,11.16675
53,2_r53.txt,2,1,Aerated Slug,8.31830112676056,6.100087492957743,89335,221046,11.166875,27.63075
53,3_r53.txt,3,1,Aerated Slug,5.772743486352355,3.8484956575682365,221047,302032,27.630875,37.754
53,4_r53.txt,4,1,Aerated Slug,5.662100699726194,4.340943869790082,302033,408486,37.754125,51.06075
53,5_r53.txt,5,1,Aerated Slug,5.224964907355418,4.179971925884335,408487,511471,51.060875,63.933875
53,6_r53.txt,6,1,Aerated Slug,2.9508997938798154,1.96726652925321,511472,584103,63.934,73.012875
53,7_r53.txt,7,1,Aerated Slug,4.932765703684069,3.124084945666577,584104,671308,73.013,83.9135
53,8_r53.txt,8,1,Aerated Slug,4.283436846819944,3.569530705683287,671309,756699,83.913625,94.587375
53,9_r53.txt,9,1,Aerated Slug,3.38449263502455,2.2563284233497,756700,838267,94.5875,104.783375
53,10_r53.txt,10,1,Aerated Slug,5.435550525700934,5.979105578271028,838268,912567,104.7835,114.070875
53,11_r53.txt,11,1,Aerated Slug,4.499383280207191,2.8496094107978873,912568,969178,114.071,121.14725
53,12_r53.txt,12,1,Aerated Slug,4.520555672268907,3.6164445378151258,969179,1060676,121.147375,132.5845
53,13_r53.txt,13,1,Aerated Slug,5.273824029470104,4.043265089260413,1060677,1152407,132.584625,144.050875
53,14_r53.txt,14,1,Aerated Slug,6.120075235109716,3.8760476489028197,1152408,1228048,144.051,153.506
53,15_r53.txt,15,1,Aerated Slug,4.280433532658693,3.2816657083716647,1228049,1351015,153.506125,168.876875
53,16_r53.txt,16,1,Aerated Slug,3.250318721620678,2.1668791477471183,1351016,1508107,168.877,188.513375
53,17_r53.txt,17,1,Aerated Slug,4.423894699310671,3.8340420727359152,1508108,1620124,188.5135,202.5155
53,18_r53.txt,18,1,Aerated Slug,2.9678400574071113,2.1764160420985483,1620125,1696001,202.515625,212.000125
53,19_r53.txt,19,1,Aerated Slug,3.049537112895296,2.337978453219727,1696002,1778259,212.00025,222.282375
53,20_r53.txt,20,1,Aerated Slug,3.917729065000977,2.2200464701672202,1778260,1896614,222.2825,237.07675
53,21_r53.txt,21,1,Aerated Slug,5.567252467843254,4.453801974274604,1896615,2032394,237.076875,254.04925
53,22_r53.txt,22,2,Breaking Wave,,,2032395,2129435,254.049375,266.179375
53,23_r53.txt,23,1,Aerated Slug,2.569560265083528,1.713040176722352,2129436,2223739,266.1795,277.967375
53,24_r53.txt,24,1,Aerated Slug,3.8605120867856835,2.573674724523789,2223740,2318967,277.9675,289.870875
53,25_r53.txt,25,2,Breaking Wave,,,2318968,2391841,289.871,298.980125
53,26_r53.txt,26,1,Aerated Slug,4.166853975946867,2.50011238556812,2391842,2465606,298.98025,308.20075
53,27_r53.txt,27,1,Aerated Slug,3.1374452124072816,2.196211648685097,2465607,2541869,308.200875,317.733625
53,28_r53.txt,28,1,Aerated Slug,4.594254505060478,3.5222617872130333,2541870,2608169,317.73375,326.021125
53,29_r53.txt,29,1,Aerated Slug,5.15479585609671,3.9520101563408114,2608170,2695293,326.02125,336.911625
53,30_r53.txt,30,1,Aerated Slug,5.812406308557151,5.424912554653341,2695294,2798094,336.91175,349.76175
53,31_r53.txt,31,1,Aerated Slug,5.4260422740524765,4.70256997084548,2798095,2906243,349.761875,363.280375
53,32_r53.txt,32,2,Breaking Wave,,,2906244,3081978,363.2805,385.24725
53,33_r53.txt,33,1,Aerated Slug,6.782552842565597,4.521701895043731,3081979,3225898,385.247375,403.23725
53,34_r53.txt,34,1,Aerated Slug,3.567438182863714,2.3782921219091424,3225899,3278960,403.237375,409.87
53,35_r53.txt,35,1,Aerated Slug,4.644703019715497,3.406115547791364,3278961,3336731,409.870125,417.091375
53,36_r53.txt,36,1,Aerated Slug,4.622784194528877,3.2359489361702134,3336732,3392813,417.0915,424.101625
53,37_r53.txt,37,2,Breaking Wave,,,3392814,3513322,424.10175,439.16525
53,38_r53.txt,38,1,Aerated Slug,4.578339416058393,3.6626715328467143,3513323,3641004,439.165375,455.1255
53,39_r53.txt,39,1,Aerated Slug,3.6770164531355354,2.0836426567768034,3641005,3723335,455.125625,465.416875
53,40_r53.txt,40,1,Aerated Slug,5.49225903614458,3.661506024096387,3723336,3816769,465.417,477.096125
53,41_r53.txt,41,2,Breaking Wave,,,3816770,3889471,477.09625,486.183875
53,42_r53.txt,42,2,Breaking Wave,,,3889472,4009264,486.184,501.158
53,43_r53.txt,43,1,Aerated Slug,5.2843057921635435,4.051301107325384,4009265,4131327,501.158125,516.415875
53,44_r53.txt,44,1,Aerated Slug,5.341941733639494,3.7393592135476457,4131328,4186775,516.416,523.346875
53,45_r53.txt,45,1,Aerated Slug,6.285472361809049,3.980799162479064,4186776,4295659,523.347,536.957375
53,46_r53.txt,46,1,Aerated Slug,3.7284553830829252,2.6099187681580474,4295660,4492312,536.9575,561.539
53,47_r53.txt,47,1,Aerated Slug,5.537436774769413,4.245368193989884,4492313,4644976,561.539125,580.622
53,48_r53.txt,48,1,Aerated Slug,3.836878727991375,2.6858151095939626,4644977,4715320,580.622125,589.415
53,49_r53.txt,49,1,Aerated Slug,5.469093446958566,3.646062297972377,4715321,4800186,589.415125,600.02325
53,50_r53.txt,50,1,Aerated Slug,6.832351321585901,5.238136013215858,4800187,4907026,600.023375,613.37825
53,51_r53.txt,51,2,Breaking Wave,,,4907027,4984856,613.378375,623.107
53,52_r53.txt,52,1,Aerated Slug,4.915153895365368,3.4406077267557573,4984857,5055794,623.107125,631.97425
53,53_r53.txt,53,1,Aerated Slug,4.229551842751842,3.5246265356265356,5055795,5134144,631.974375,641.768
53,54_r53.txt,54,1,Aerated Slug,5.0192354368932035,3.513464805825242,5134145,5191908,641.768125,648.9885
53,55_r53.txt,55,1,Aerated Slug,4.968911873729522,4.140759894774602,5191909,5312454,648.988625,664.05675
53,56_r53.txt,56,1,Aerated Slug,3.704483479299362,3.210552348726114,5312455,5493352,664.056875,686.669
53,57_r53.txt,57,1,Aerated Slug,4.769688621219887,3.8157508969759095,5493353,5612664,686.669125,701.583
53,58_r53.txt,58,1,Aerated Slug,2.20500590028518,1.323003540171108,5612665,5690534,701.583125,711.31675
53,59_r53.txt,59,2,Breaking Wave,,,5690535,5762447,711.316875,720.305875
53,60_r53.txt,60,1,Aerated Slug,4.48681894889103,2.841652000964319,5762448,5839581,720.306,729.947625
53,61_r53.txt,61,1,Aerated Slug,4.41235775248933,3.9711219772403967,5839582,5920471,729.94775,740.058875
53,62_r53.txt,62,2,Breaking Wave,,,5920472,5996184,740.059,749.523
53,63_r53.txt,63,1,Aerated Slug,5.7992703542573025,3.092944188937228,5996185,6126898,749.523125,765.86225
53,64_r53.txt,64,1,Aerated Slug,4.490066344993968,3.5920530759951745,6126899,6242645,765.862375,780.330625
53,65_r53.txt,65,2,Breaking Wave,,,6242646,6320197,780.33075,790.024625
53,66_r53.txt,66,1,Aerated Slug,4.4249465049928665,3.5399572039942933,6320198,6395171,790.02475,799.396375
53,67_r53.txt,67,1,Aerated Slug,4.2443158494868864,2.9710210946408204,6395172,6453000,799.3965,806.625
53,68_r53.txt,68,1,Aerated Slug,5.582281043791241,4.09367276544691,6453001,6513800,806.625125,814.225
53,69_r53.txt,69,1,Aerated Slug,3.2864780151862965,2.3005346106304074,6513801,6569971,814.225125,821.246375
53,70_r53.txt,70,1,Aerated Slug,4.597598327655623,3.0650655517704153,6569972,6646557,821.2465,830.819625
53,71_r53.txt,71,1,Aerated Slug,6.058890743550833,4.443186545270611,6646558,6729984,830.81975,841.248
53,72_r53.txt,72,2,Breaking Wave,,,6729985,6857995,841.248125,857.249375
53,73_r53.txt,73,1,Aerated Slug,4.420742280285036,3.389235748218528,6857996,6980204,857.2495,872.5255
53,74_r53.txt,74,2,Breaking Wave,,,6980205,7033554,872.525625,879.19425
53,75_r53.txt,75,1,Aerated Slug,5.491832154515781,3.6612214363438538,7033555,7115894,879.194375,889.48675
53,76_r53.txt,76,1,Aerated Slug,6.431003800967517,4.716069454042845,7115895,7214880,889.486875,901.86
53,77_r53.txt,77,1,Aerated Slug,4.9936477059297015,4.494282935336732,7214881,7293296,901.860125,911.662
53,78_r53.txt,78,1,Aerated Slug,2.8690188068444575,2.00831316479112,7293297,7405645,911.662125,925.705625
53,79_r53.txt,79,1,Aerated Slug,4.507465488011625,3.155225841608137,7405646,7513215,925.70575,939.151875
53,80_r53.txt,80,2,Breaking Wave,,,7513216,7585632,939.152,948.204
53,81_r53.txt,81,1,Aerated Slug,2.2572034589972794,1.956242997797642,7585633,7690570,948.204125,961.32125
53,82_r53.txt,82,1,Aerated Slug,5.435550525700934,5.435550525700934,7690571,7786387,961.321375,973.298375
53,83_r53.txt,83,2,Breaking Wave,,,7786388,7854313,973.2985,981.789125
53,84_r53.txt,84,1,Aerated Slug,3.68906342913776,2.459375619425173,7854314,7929683,981.78925,991.210375
53,85_r53.txt,85,1,Aerated Slug,3.896843592964823,3.1174748743718586,7929684,8006480,991.2105,1000.81
53,86_r53.txt,86,1,Aerated Slug,4.296243074792242,3.293786357340719,8006481,8075721,1000.810125,1009.465125
53,87_r53.txt,87,2,Breaking Wave,,,8075722,8144502,1009.46525,1018.06275
53,88_r53.txt,88,1,Aerated Slug,6.09208674304419,4.264460720130932,8144503,8296549,1018.062875,1037.068625
53,89_r53.txt,89,1,Aerated Slug,3.1950772532188827,2.7690669527896983,8296550,8485328,1037.06875,1060.666
53,90_r53.txt,90,1,Aerated Slug,5.762020123839008,4.993750773993807,8485329,8590528,1060.666125,1073.816
53,91_r53.txt,91,2,Breaking Wave,,,8590529,8702525,1073.816125,1087.815625
53,92_r53.txt,92,1,Aerated Slug,5.365040357451714,4.292032285961372,8702526,8822875,1087.81575,1102.859375
53,93_r53.txt,93,1,Aerated Slug,4.774583119548486,3.34220818368394,8822876,8967688,1102.8595,1120.961
53,94_r53.txt,94,1,Aerated Slug,3.475504201680672,2.2011526610644254,8967689,9127864,1120.961125,1140.983
53,95_r53.txt,95,1,Aerated Slug,4.956985678961466,3.469889975273026,9127865,9233116,1140.983125,1154.1395
53,96_r53.txt,96,1,Aerated Slug,3.386956323930846,2.48376797088262,9233117,9342595,1154.139625,1167.824375
53,97_r53.txt,97,1,Aerated Slug,5.545686829558998,4.621405691299166,9342596,9434969,1167.8245,1179.371125
53,98_r53.txt,98,1,Aerated Slug,5.869228949858088,5.08666508987701,9434970,9510562,1179.37125,1188.82025
53,99_r53.txt,99,2,Breaking Wave,,,9510563,9697079,1188.820375,1212.134875
53,100_r53.txt,100,1,Aerated Slug,4.494734796067006,3.895436823258072,9697080,9874116,1212.135,1234.2645
53,101_r53.txt,101,1,Aerated Slug,3.2445373665480433,1.8385711743772244,9874117,9957836,1234.264625,1244.7295
53,102_r53.txt,102,1,Aerated Slug,4.622228571428569,3.0814857142857126,9957837,10155021,1244.729625,1269.377625
53,103_r53.txt,103,1,Aerated Slug,3.3481180832857955,2.23207872219053,10155022,10353324,1269.37775,1294.1655
53,104_r53.txt,104,1,Aerated Slug,5.249913426853706,3.849936513026051,10353325,10461405,1294.165625,1307.675625
53,105_r53.txt,105,1,Aerated Slug,3.0289534883720934,1.7164069767441863,10461406,10572350,1307.67575,1321.54375
53,106_r53.txt,106,1,Aerated Slug,5.377441490898583,4.122705143022247,10572351,10690291,1321.543875,1336.286375
53,107_r53.txt,107,1,Aerated Slug,3.1818948416858874,2.015200066401062,10690292,10800652,1336.2865,1350.0815
53,108_r53.txt,108,1,Aerated Slug,3.6622048406139305,2.6856168831168823,10800653,10892423,1350.081625,1361.552875
53,109_r53.txt,109,1,Aerated Slug,6.448830561330559,4.514181392931391,10892424,10998459,1361.553,1374.807375
53,110_r53.txt,110,1,Aerated Slug,6.237039209115282,4.365927446380697,10998460,11133640,1374.8075,1391.705
53,111_r53.txt,111,1,Aerated Slug,5.27233002832861,3.866375354107647,11133641,11239195,1391.705125,1404.899375
53,112_r53.txt,112,1,Aerated Slug,5.203054235392786,3.8155731059547096,11239196,11300220,1404.8995,1412.5275
53,113_r53.txt,113,1,Aerated Slug,4.028425324675322,3.0884594155844134,11300221,11369906,1412.527625,1421.23825
53,114_r53.txt,114,1,Aerated Slug,4.379695014662755,3.0657865102639286,11369907,11602933,1421.238375,1450.366625
53,115_r53.txt,115,1,Aerated Slug,5.057463304271051,4.720299083986315,11602934,11820853,1450.36675,1477.606625
53,116_r53.txt,116,1,Aerated Slug,4.233103245991394,2.2576550645287434,11820854,11892747,1477.60675,1486.593375
53,117_r53.txt,117,1,Aerated Slug,3.7342144863563402,3.1118454052969504,11892748,11988806,1486.5935,1498.60075
53,118_r53.txt,118,1,Aerated Slug,2.989771084337348,1.8935216867469868,11988807,12089671,1498.600875,1511.208875
53,119_r53.txt,119,1,Aerated Slug,2.9692605296745365,2.0784823707721753,12089672,12186162,1511.209,1523.27025
53,120_r53.txt,120,1,Aerated Slug,4.684250000000001,4.059683333333335,12186163,12290959,1523.270375,1536.369875
53,121_r53.txt,121,1,Aerated Slug,5.169599574014912,3.963359673411433,12290960,12395409,1536.37,1549.426125
53,122_r53.txt,122,1,Aerated Slug,4.519505828071879,3.766254856726566,12395410,12467394,1549.42625,1558.42425
53,123_r53.txt,123,1,Aerated Slug,5.895256572695596,4.51969670573329,12467395,12544825,1558.424375,1568.103125
53,124_r53.txt,124,1,Aerated Slug,3.3900409836065575,2.034024590163934,12544826,12731418,1568.10325,1591.42725
53,125_r53.txt,125,1,Aerated Slug,5.548993738819319,4.254228533094811,12731419,12916291,1591.427375,1614.536375
53,126_r53.txt,126,2,Breaking Wave,,,12916292,13086704,1614.5365,1635.838
53,127_r53.txt,127,1,Aerated Slug,5.1500661417322835,4.120052913385827,13086705,13240611,1635.838125,1655.076375
53,128_r53.txt,128,1,Aerated Slug,4.436902734256546,3.2537286717881337,13240612,13310042,1655.0765,1663.75525
53,129_r53.txt,129,1,Aerated Slug,4.493318445195557,3.2951001931434085,13310043,13429082,1663.755375,1678.63525
53,130_r53.txt,130,1,Aerated Slug,5.622756797583081,4.310780211480362,13429083,13539188,1678.635375,1692.3985
53,131_r53.txt,131,2,Breaking Wave,,,13539189,13615039,1692.398625,1701.879875
53,132_r53.txt,132,1,Aerated Slug,4.991825794062061,3.1614896695726387,13615040,13696537,1701.88,1712.067125
53,133_r53.txt,133,1,Aerated Slug,3.119565035199463,2.183695524639624,13696538,13777542,1712.06725,1722.19275
53,134_r53.txt,134,1,Aerated Slug,4.368855633802815,4.077598591549294,13777543,13856223,1722.192875,1732.027875
53,135_r53.txt,135,1,Aerated Slug,2.697435946462715,1.5285470363288718,13856224,14006005,1732.028,1750.750625
53,136_r53.txt,136,1,Aerated Slug,4.000714746345656,2.9338574806534807,14006006,14184150,1750.75075,1773.01875
53,137_r53.txt,137,1,Aerated Slug,6.126656250000003,4.492881250000002,14184151,14316328,1773.018875,1789.541
53,138_r53.txt,138,1,Aerated Slug,5.944211114659853,5.349790003193868,14316329,14471999,1789.541125,1808.999875
59,1_r59.txt,1,3,Plug Slug,1.7751898143600824,2.3669197524801096,0,126160,0.0,15.77
59,2_r59.txt,2,3,Plug Slug,1.590586698818619,2.969095171128089,126161,274605,15.770125,34.325625
59,3_r59.txt,3,3,Plug Slug,1.7564267333395212,2.3419023111193615,274606,424028,34.32575,53.0035
59,4_r59.txt,4,3,Plug Slug,1.8571401883588083,3.280947666100561,424029,579622,53.003625,72.45275
59,5_r59.txt,5,3,Plug Slug,1.8348781806086816,1.9572033926492602,579623,735609,72.452875,91.951125
59,6_r59.txt,6,3,Plug Slug,2.0781116834947464,4.086952977539668,735610,885467,91.95125,110.683375
59,7_r59.txt,7,3,Plug Slug,2.0865287591313666,2.9906912214216255,885468,1036198,110.6835,129.52475
59,8_r59.txt,8,3,Plug Slug,1.4130532989142812,2.6376994913066585,1036199,1201122,129.524875,150.14025
59,9_r59.txt,9,3,Plug Slug,2.090046620713325,2.5080559448559896,1201123,1364827,150.140375,170.603375
59,10_r59.txt,10,3,Plug Slug,1.7579413431567013,3.2228924624539523,1364828,1514491,170.6035,189.311375
59,11_r59.txt,11,3,Plug Slug,1.9161022862586332,2.8102833531793285,1514492,1665251,189.3115,208.156375
59,12_r59.txt,12,3,Plug Slug,1.913699376299376,3.6360288149688142,1665252,1830820,208.1565,228.8525
59,13_r59.txt,13,3,Plug Slug,1.3697093786943382,1.4610233372739607,1830821,1991704,228.852625,248.963
59,14_r59.txt,14,3,Plug Slug,1.4916506371723965,3.182188025967779,1991705,2138402,248.963125,267.30025
59,15_r59.txt,15,3,Plug Slug,2.0222017278921123,2.7636756947858867,2138403,2288124,267.300375,286.0155
59,16_r59.txt,16,3,Plug Slug,1.4964480984160162,2.743488180429363,2288125,2453298,286.015625,306.66225
59,17_r59.txt,17,3,Plug Slug,1.4696729742843282,1.616640271712761,2453299,2618860,306.662375,327.3575
59,18_r59.txt,18,3,Plug Slug,1.737841701122268,3.4177553455404603,2618861,2769318,327.357625,346.16475
59,19_r59.txt,19,3,Plug Slug,1.633708187134503,2.178277582846004,2769319,2918005,346.164875,364.750625
59,20_r59.txt,20,3,Plug Slug,1.719132181784592,3.380959957509697,2918006,3073600,364.75075,384.2
59,21_r59.txt,21,3,Plug Slug,2.321523398169336,2.7084439645308924,3073601,3230122,384.200125,403.76525
59,22_r59.txt,22,3,Plug Slug,1.6995384794233896,3.2857743935518866,3230123,3379329,403.765375,422.416125
59,23_r59.txt,23,3,Plug Slug,1.8644498795180717,2.1751915261044172,3379330,3526795,422.41625,440.849375
59,24_r59.txt,24,3,Plug Slug,1.4843665969253161,2.721338761029746,3526796,3684263,440.8495,460.532875
59,25_r59.txt,25,3,Plug Slug,1.8772644650288632,1.78340124177742,3684264,3848487,460.533,481.060875
59,26_r59.txt,26,3,Plug Slug,1.5450211688527313,2.8840395151917653,3848488,4001549,481.061,500.193625
59,27_r59.txt,27,3,Plug Slug,1.242943629410367,1.781552535488193,4001550,4147589,500.19375,518.448625
59,28_r59.txt,28,3,Plug Slug,1.6800330956739566,2.856056262645726,4147590,4297034,518.44875,537.12925
59,29_r59.txt,29,3,Plug Slug,2.1608411703239283,3.0972056774642973,4297035,4448062,537.129375,556.00775
59,30_r59.txt,30,3,Plug Slug,1.4990131639369355,2.798157906015613,4448063,4603453,556.007875,575.431625
59,31_r59.txt,31,3,Plug Slug,2.5828660714285707,1.2914330357142854,4603454,4763324,575.43175,595.4155
59,32_r59.txt,32,3,Plug Slug,1.6938784714276798,3.3312943271411033,4763325,4916449,595.415625,614.556125
59,33_r59.txt,33,3,Plug Slug,2.1013196888312655,3.0819355436191893,4916450,5064527,614.55625,633.065875
59,34_r59.txt,34,3,Plug Slug,1.280984848484849,2.1349747474747485,5064528,5216213,633.066,652.026625
59,35_r59.txt,35,3,Plug Slug,2.2404951432129505,1.2696139144873386,5216214,5371602,652.02675,671.45025
59,36_r59.txt,36,3,Plug Slug,1.6342926765015804,3.214108930453108,5371603,5524683,671.450375,690.585375
59,37_r59.txt,37,3,Plug Slug,1.5363268185348173,2.1508575459487442,5524684,5676899,690.5855,709.612375
59,38_r59.txt,38,3,Plug Slug,1.5115733976147299,2.821603675547496,5676900,5831798,709.6125,728.97475
59,39_r59.txt,39,3,Plug Slug,2.548424680705489,2.803267148776038,5831799,5990102,728.974875,748.76275
59,40_r59.txt,40,3,Plug Slug,1.7652289908403667,3.2362531498740053,5990103,6137794,748.762875,767.22425
59,41_r59.txt,41,3,Plug Slug,1.4258199561403506,1.9961479385964906,6137795,6286626,767.224375,785.82825
59,42_r59.txt,42,3,Plug Slug,2.0218402701897285,3.6393124863415114,6286627,6452020,785.828375,806.5025
59,43_r59.txt,43,3,Plug Slug,1.5390763913093992,2.359917133341079,6452021,6613150,806.502625,826.64375
59,44_r59.txt,44,3,Plug Slug,1.469388728966028,2.938777457932056,6613151,6765142,826.643875,845.64275
59,45_r59.txt,45,3,Plug Slug,2.130389082058415,2.9825447148817807,6765143,6916395,845.642875,864.549375
59,46_r59.txt,46,3,Plug Slug,1.4643056648308415,2.391699252557041,6916396,7083110,864.5495,885.38875
59,47_r59.txt,47,3,Plug Slug,1.5824388653407238,1.687934789696772,7083111,7248834,885.388875,906.10425
59,48_r59.txt,48,3,Plug Slug,1.7188146472109347,3.323041651274474,7248835,7395944,906.104375,924.493
59,49_r59.txt,49,3,Plug Slug,1.768822458223664,2.5942729387280403,7395945,7545298,924.493125,943.16225
59,50_r59.txt,50,3,Plug Slug,1.7635018094089263,3.1743032569360676,7545299,7706286,943.162375,963.28575
59,51_r59.txt,51,3,Plug Slug,2.365793869090329,2.4446536647266734,7706287,7866247,963.285875,983.280875
59,52_r59.txt,52,3,Plug Slug,1.3534524761835502,2.616674787288197,7866248,8016628,983.281,1002.0785
59,53_r59.txt,53,3,Plug Slug,2.1044012890094974,2.735721675712347,8016629,8162261,1002.078625,1020.282625
59,54_r59.txt,54,3,Plug Slug,1.5230179107568076,2.639897711978467,8162262,8321370,1020.28275,1040.17125
59,55_r59.txt,55,3,Plug Slug,2.035731877632455,2.1375184715140776,8321371,8486291,1040.171375,1060.786375
59,56_r59.txt,56,3,Plug Slug,2.3730604728034717,4.667018929846828,8486292,8637260,1060.7865,1079.6575
59,57_r59.txt,57,3,Plug Slug,1.6464670979667289,2.3599361737523115,8637261,8788129,1079.657625,1098.516125
59,58_r59.txt,58,3,Plug Slug,1.8687670823099685,3.426072984234942,8788130,8957552,1098.51625,1119.694
59,59_r59.txt,59,3,Plug Slug,1.8539947067719713,2.0084942656696354,8957553,9124688,1119.694125,1140.586
59,60_r59.txt,60,3,Plug Slug,1.8168510254482981,3.4520169483517664,9124689,9272198,1140.586125,1159.02475
59,61_r59.txt,61,3,Plug Slug,1.588686382438198,2.0123360844217175,9272199,9421007,1159.024875,1177.625875
59,62_r59.txt,62,3,Plug Slug,2.5172058060330844,4.447063590658449,9421008,9588052,1177.626,1198.5065
59,63_r59.txt,63,3,Plug Slug,1.7060031981798276,1.8197367447251493,9588053,9753922,1198.506625,1219.24025
59,64_r59.txt,64,3,Plug Slug,1.790489148830264,3.5212953260328526,9753923,9902901,1219.240375,1237.862625
59,65_r59.txt,65,3,Plug Slug,1.713329585411726,2.4557724057568073,9902902,10051856,1237.86275,1256.482
59,66_r59.txt,66,3,Plug Slug,1.691318375768745,2.8752412388068667,10051857,10213766,1256.482125,1276.72075
59,67_r59.txt,67,3,Plug Slug,1.8804252607184238,1.8804252607184238,10213767,10375576,1276.720875,1296.947
59,68_r59.txt,68,3,Plug Slug,1.8760415194346298,3.501944169611309,10375577,10523260,1296.947125,1315.4075
59,69_r59.txt,69,3,Plug Slug,1.8300009103520032,2.531501259320271,10523261,10703999,1315.407625,1337.999875
60,1_r60.txt,1,3,Plug Slug,1.5843493096204442,4.013684917705125,0,110169,0.0,13.771125
60,2_r60.txt,2,3,Plug Slug,1.7963163087890115,4.25128193080066,110170,269578,13.77125,33.69725
60,3_r60.txt,3,3,Plug Slug,1.8326791808873724,4.826055176336747,269579,417864,33.697375,52.233
60,4_r60.txt,4,3,Plug Slug,1.411179647727273,3.386831154545455,417865,570467,52.233125,71.308375
60,5_r60.txt,5,3,Plug Slug,1.8092417747396665,4.583412496007155,570468,726332,71.3085,90.7915
60,6_r60.txt,6,3,Plug Slug,1.7609918774268023,4.402479693567006,726333,879438,90.791625,109.92975
60,7_r60.txt,7,3,Plug Slug,2.1668988764044936,5.489477153558051,879439,1033553,109.929875,129.194125
60,8_r60.txt,8,3,Plug Slug,1.7303710061182873,4.095211381146614,1033554,1187151,129.19425,148.393875
60,9_r60.txt,9,3,Plug Slug,1.7487931958210556,4.6051554156621135,1187152,1340857,148.394,167.607125
60,10_r60.txt,10,3,Plug Slug,1.6634959790209791,4.325089545454546,1340858,1494892,167.60725,186.8615
60,11_r60.txt,11,3,Plug Slug,1.6755176980803166,4.356346015008823,1494893,1648969,186.861625,206.121125
60,12_r60.txt,12,3,Plug Slug,1.5983408860331418,3.995852215082855,1648970,1805263,206.12125,225.657875
60,13_r60.txt,13,3,Plug Slug,1.728840473840079,4.206845153010859,1805264,1959023,225.658,244.877875
60,14_r60.txt,14,3,Plug Slug,1.8293922854487248,4.512500970773521,1959024,2110501,244.878,263.812625
60,15_r60.txt,15,3,Plug Slug,1.802971614270756,4.50742903567689,2110502,2264156,263.81275,283.0195
60,16_r60.txt,16,3,Plug Slug,1.9688243133723553,4.9876882605433,2264157,2418300,283.019625,302.2875
60,17_r60.txt,17,3,Plug Slug,1.8287558784085831,4.69380675458203,2418301,2570526,302.287625,321.31575
60,18_r60.txt,18,3,Plug Slug,1.7468926765408013,4.076082911928537,2570527,2725755,321.315875,340.719375
60,19_r60.txt,19,3,Plug Slug,1.812853140450467,4.713418165171214,2725756,2882035,340.7195,360.254375
60,20_r60.txt,20,3,Plug Slug,1.6867980120481927,4.048315228915662,2882036,3034559,360.2545,379.319875
60,21_r60.txt,21,3,Plug Slug,1.6249751869476547,4.387433004758668,3034560,3190909,379.32,398.863625
60,22_r60.txt,22,3,Plug Slug,1.7238320331823886,4.079735811864986,3190910,3347002,398.86375,418.37525
60,23_r60.txt,23,3,Plug Slug,1.9130037090396341,4.846276062900406,3347003,3500084,418.375375,437.5105
60,24_r60.txt,24,3,Plug Slug,1.843077863804328,4.4233868731303865,3500085,3653299,437.510625,456.662375
60,25_r60.txt,25,3,Plug Slug,2.022660227384584,5.191494583620433,3653300,3806479,456.6625,475.809875
60,26_r60.txt,26,3,Plug Slug,1.689669972050998,3.9988856005206954,3806480,3957848,475.81,494.731
60,27_r60.txt,27,3,Plug Slug,1.5813244763128231,4.1641544542904345,3957849,4111575,494.731125,513.946875
60,28_r60.txt,28,3,Plug Slug,1.8133356536502547,4.231116525183928,4111576,4267444,513.947,533.4305
60,29_r60.txt,29,3,Plug Slug,1.820107654902747,4.671609647583717,4267445,4421577,533.430625,552.697125
60,30_r60.txt,30,3,Plug Slug,1.669925611681136,4.341806590370954,4421578,4577872,552.69725,572.234
60,31_r60.txt,31,3,Plug Slug,1.9518402055342625,4.814539173651181,4577873,4733462,572.234125,591.68275
60,32_r60.txt,32,3,Plug Slug,1.701401624673,4.1967906741934,4733463,4887556,591.682875,610.9445
60,33_r60.txt,33,3,Plug Slug,1.8048847429519073,4.331723383084578,4887557,5041325,610.944625,630.165625
60,34_r60.txt,34,3,Plug Slug,1.8263918374750583,4.687739049519316,5041326,5195809,630.16575,649.476125
60,35_r60.txt,35,3,Plug Slug,1.5289753086419755,3.77147242798354,5195810,5350943,649.47625,668.867875
60,36_r60.txt,36,3,Plug Slug,1.7359225942413339,4.513398745027469,5350944,5506821,668.868,688.352625
60,37_r60.txt,37,3,Plug Slug,2.1277101344251594,5.035580651472878,5506822,5660112,688.35275,707.514
60,38_r60.txt,38,3,Plug Slug,1.7902030075187965,4.236813784461152,5660113,5813286,707.514125,726.66075
60,39_r60.txt,39,3,Plug Slug,1.6611417660815255,3.986740238595661,5813287,5966917,726.660875,745.864625
60,40_r60.txt,40,3,Plug Slug,1.6666120474718262,4.333191323426749,5966918,6121056,745.86475,765.132
60,41_r60.txt,41,3,Plug Slug,1.7448165429093117,4.245720254412658,6121057,6275999,765.132125,784.499875
60,42_r60.txt,42,3,Plug Slug,2.1256926458444645,5.526800879195608,6276000,6428960,784.5,803.62
60,43_r60.txt,43,3,Plug Slug,1.6902320739067016,4.225580184766754,6428961,6579788,803.620125,822.4735
60,44_r60.txt,44,3,Plug Slug,2.0424050767728765,5.037932522706429,6579789,6733339,822.473625,841.667375
60,45_r60.txt,45,3,Plug Slug,1.9415701287019096,4.789206317464711,6733340,6887480,841.6675,860.935
60,46_r60.txt,46,3,Plug Slug,1.5602001573564122,3.6404670338316287,6887481,7034842,860.935125,879.35525
60,47_r60.txt,47,3,Plug Slug,1.9152001450107246,4.468800338358357,7034843,7184961,879.355375,898.120125
60,48_r60.txt,48,3,Plug Slug,1.6857627660079797,3.9896385462188855,7184962,7341297,898.12025,917.662125
60,49_r60.txt,49,3,Plug Slug,1.929605341595419,4.95265371009491,7341298,7498092,917.66225,937.2615
60,50_r60.txt,50,3,Plug Slug,1.7215227317030906,4.074270465030648,7498093,7651352,937.261625,956.419
60,51_r60.txt,51,3,Plug Slug,1.8756632316677482,4.814202294613887,7651353,7806368,956.419125,975.796
60,52_r60.txt,52,3,Plug Slug,1.8002277468399184,4.440561775538465,7806369,7964565,975.796125,995.570625
60,53_r60.txt,53,3,Plug Slug,1.317112247254708,3.029358168685828,7964566,8117752,995.57075,1014.719
60,54_r60.txt,54,3,Plug Slug,1.7707274829901427,4.544867206341367,8117753,8271309,1014.719125,1033.913625
60,55_r60.txt,55,3,Plug Slug,1.6904351773753405,3.888000907963283,8271310,8424319,1033.91375,1053.039875
60,56_r60.txt,56,3,Plug Slug,1.920493467527535,4.673200770983668,8424320,8576426,1053.04,1072.05325
60,57_r60.txt,57,3,Plug Slug,1.6793420586772756,4.142377078070614,8576427,8728468,1072.053375,1091.0585
60,58_r60.txt,58,3,Plug Slug,1.687630966547666,4.219077416369165,8728469,8881800,1091.058625,1110.225
60,59_r60.txt,59,3,Plug Slug,1.7385673409936881,4.056657128985273,8881801,9031009,1110.225125,1128.876125
60,60_r60.txt,60,3,Plug Slug,1.8048766569673458,4.5723541976506095,9031010,9184850,1128.87625,1148.10625
60,61_r60.txt,61,3,Plug Slug,1.5664817378340965,3.863988286657438,9184851,9345303,1148.106375,1168.162875
60,62_r60.txt,62,3,Plug Slug,1.6256276781644128,4.28081955249962,9345304,9498370,1168.163,1187.29625
60,63_r60.txt,63,3,Plug Slug,1.905360308024858,4.763400770062145,9498371,9652658,1187.296375,1206.58225
60,64_r60.txt,64,3,Plug Slug,1.7371080775285321,4.111155783484193,9652659,9805015,1206.582375,1225.626875
60,65_r60.txt,65,3,Plug Slug,1.8459602023049497,4.737964519249371,9805016,9958847,1225.627,1244.855875
60,66_r60.txt,66,3,Plug Slug,1.9816526858699886,4.888076625145972,9958848,10112541,1244.856,1264.067625
60,67_r60.txt,67,3,Plug Slug,1.7718225272550652,4.606738570863169,10112542,10231999,1264.06775,1278.999875
54,1_r54.txt,1,0,Noise,,,0,145279,0.0,18.159875
54,2_r54.txt,2,0,Noise,,,145280,290434,18.16,36.30425
54,3_r54.txt,3,0,Noise,,,290435,438576,36.304375,54.822
54,4_r54.txt,4,0,Noise,,,438577,573187,54.822125,71.648375
54,5_r54.txt,5,0,Noise,,,573188,703382,71.6485,87.92275
54,6_r54.txt,6,0,Noise,,,703383,837526,87.922875,104.69075
54,7_r54.txt,7,0,Noise,,,837527,966905,104.690875,120.863125
54,8_r54.txt,8,0,Noise,,,966906,1140830,120.86325,142.60375
54,9_r54.txt,9,0,Noise,,,1140831,1303883,142.603875,162.985375
54,10_r54.txt,10,0,Noise,,,1303884,1445869,162.9855,180.733625
54,11_r54.txt,11,0,Noise,,,1445870,1596793,180.73375,199.599125
54,12_r54.txt,12,0,Noise,,,1596794,1708581,199.59925,213.572625
54,13_r54.txt,13,0,Noise,,,1708582,1862530,213.57275,232.81625
54,14_r54.txt,14,0,Noise,,,1862531,2032549,232.816375,254.068625
54,15_r54.txt,15,0,Noise,,,2032550,2158592,254.06875,269.824
54,16_r54.txt,16,0,Noise,,,2158593,2261091,269.824125,282.636375
54,17_r54.txt,17,0,Noise,,,2261092,2342784,282.6365,292.848
54,18_r54.txt,18,0,Noise,,,2342785,2462871,292.848125,307.858875
54,19_r54.txt,19,0,Noise,,,2462872,2604754,307.859,325.59425
54,20_r54.txt,20,0,Noise,,,2604755,2736737,325.594375,342.092125
54,21_r54.txt,21,0,Noise,,,2736738,2875786,342.09225,359.47325
54,22_r54.txt,22,0,Noise,,,2875787,3071144,359.473375,383.893
54,23_r54.txt,23,0,Noise,,,3071145,3276706,383.893125,409.58825
54,24_r54.txt,24,0,Noise,,,3276707,3424878,409.588375,428.10975
54,25_r54.txt,25,0,Noise,,,3424879,3555814,428.109875,444.47675
54,26_r54.txt,26,0,Noise,,,3555815,3693383,444.476875,461.672875
54,27_r54.txt,27,0,Noise,,,3693384,3838137,461.673,479.767125
54,28_r54.txt,28,0,Noise,,,3838138,3981856,479.76725,497.732
54,29_r54.txt,29,0,Noise,,,3981857,4122393,497.732125,515.299125
54,30_r54.txt,30,0,Noise,,,4122394,4256619,515.29925,532.077375
54,31_r54.txt,31,0,Noise,,,4256620,4394657,532.0775,549.332125
54,32_r54.txt,32,0,Noise,,,4394658,4520948,549.33225,565.1185
54,33_r54.txt,33,0,Noise,,,4520949,4668032,565.118625,583.504
54,34_r54.txt,34,0,Noise,,,4668033,4825960,583.504125,603.245
54,35_r54.txt,35,0,Noise,,,4825961,4962319,603.245125,620.289875
54,36_r54.txt,36,0,Noise,,,4962320,5119071,620.29,639.883875
54,37_r54.txt,37,0,Noise,,,5119072,5237463,639.884,654.682875
54,38_r54.txt,38,0,Noise,,,5237464,5319143,654.683,664.892875
54,39_r54.txt,39,0,Noise,,,5319144,5444859,664.893,680.607375
54,40_r54.txt,40,0,Noise,,,5444860,5563355,680.6075,695.419375
54,41_r54.txt,41,0,Noise,,,5563356,5669729,695.4195,708.716125
54,42_r54.txt,42,0,Noise,,,5669730,5811737,708.71625,726.467125
54,43_r54.txt,43,0,Noise,,,5811738,5957555,726.46725,744.694375
54,44_r54.txt,44,0,Noise,,,5957556,6091348,744.6945,761.4185
54,45_r54.txt,45,0,Noise,,,6091349,6218650,761.418625,777.33125
54,46_r54.txt,46,0,Noise,,,6218651,6360462,777.331375,795.05775
54,47_r54.txt,47,0,Noise,,,6360463,6518499,795.057875,814.812375
54,48_r54.txt,48,0,Noise,,,6518500,6673992,814.8125,834.249
54,49_r54.txt,49,0,Noise,,,6673993,6822655,834.249125,852.831875
54,50_r54.txt,50,0,Noise,,,6822656,6970056,852.832,871.257
54,51_r54.txt,51,0,Noise,,,6970057,7119271,871.257125,889.908875
54,52_r54.txt,52,0,Noise,,,7119272,7217144,889.909,902.143
54,53_r54.txt,53,0,Noise,,,7217145,7314826,902.143125,914.35325
54,54_r54.txt,54,0,Noise,,,7314827,7450433,914.353375,931.304125
54,55_r54.txt,55,0,Noise,,,7450434,7583636,931.30425,947.9545
54,56_r54.txt,56,0,Noise,,,7583637,7725144,947.954625,965.643
54,57_r54.txt,57,0,Noise,,,7725145,7862843,965.643125,982.855375
54,58_r54.txt,58,0,Noise,,,7862844,7973412,982.8555,996.6765
54,59_r54.txt,59,0,Noise,,,7973413,8131429,996.676625,1016.428625
54,60_r54.txt,60,0,Noise,,,8131430,8313780,1016.42875,1039.2225
54,61_r54.txt,61,0,Noise,,,8313781,8447082,1039.222625,1055.88525
54,62_r54.txt,62,0,Noise,,,8447083,8580339,1055.885375,1072.542375
54,63_r54.txt,63,0,Noise,,,8580340,8711758,1072.5425,1088.96975
54,64_r54.txt,64,0,Noise,,,8711759,8845789,1088.969875,1105.723625
54,65_r54.txt,65,0,Noise,,,8845790,8970029,1105.72375,1121.253625
54,66_r54.txt,66,0,Noise,,,8970030,9063482,1121.25375,1132.93525
54,67_r54.txt,67,0,Noise,,,9063483,9167472,1132.935375,1145.934
54,68_r54.txt,68,0,Noise,,,9167473,9299065,1145.934125,1162.383125
54,69_r54.txt,69,0,Noise,,,9299066,9433845,1162.38325,1179.230625
54,70_r54.txt,70,0,Noise,,,9433846,9556940,1179.23075,1194.6175
54,71_r54.txt,71,0,Noise,,,9556941,9658806,1194.617625,1207.35075
54,72_r54.txt,72,0,Noise,,,9658807,9748528,1207.350875,1218.566
54,73_r54.txt,73,0,Noise,,,9748529,9830137,1218.566125,1228.767125
54,74_r54.txt,74,0,Noise,,,9830138,9907511,1228.76725,1238.438875
54,75_r54.txt,75,0,Noise,,,9907512,10051664,1238.439,1256.458
54,76_r54.txt,76,0,Noise,,,10051665,10226794,1256.458125,1278.34925
54,77_r54.txt,77,0,Noise,,,10226795,10372696,1278.349375,1296.587
54,78_r54.txt,78,0,Noise,,,10372697,10517147,1296.587125,1314.643375
54,79_r54.txt,79,0,Noise,,,10517148,10654122,1314.6435,1331.76525
54,80_r54.txt,80,0,Noise,,,10654123,10799422,1331.765375,1349.92775
54,81_r54.txt,81,0,Noise,,,10799423,10918342,1349.927875,1364.79275
54,82_r54.txt,82,0,Noise,,,10918343,11002429,1364.792875,1375.303625
54,83_r54.txt,83,0,Noise,,,11002430,11109465,1375.30375,1388.683125
54,84_r54.txt,84,0,Noise,,,11109466,11245300,1388.68325,1405.6625
54,85_r54.txt,85,0,Noise,,,11245301,11413414,1405.662625,1426.67675
54,86_r54.txt,86,0,Noise,,,11413415,11575268,1426.676875,1446.9085
54,87_r54.txt,87,0,Noise,,,11575269,11712492,1446.908625,1464.0615
54,88_r54.txt,88,0,Noise,,,11712493,11870280,1464.061625,1483.785
54,89_r54.txt,89,0,Noise,,,11870281,12025909,1483.785125,1503.238625
54,90_r54.txt,90,0,Noise,,,12025910,12129568,1503.23875,1516.196
54,91_r54.txt,91,0,Noise,,,12129569,12202083,1516.196125,1525.260375
54,92_r54.txt,92,0,Noise,,,12202084,12303415,1525.2605,1537.926875
54,93_r54.txt,93,0,Noise,,,12303416,12440136,1537.927,1555.017
54,94_r54.txt,94,0,Noise,,,12440137,12583175,1555.017125,1572.896875
54,95_r54.txt,95,0,Noise,,,12583176,12729645,1572.897,1591.205625
54,96_r54.txt,96,0,Noise,,,12729646,12918289,1591.20575,1614.786125
54,97_r54.txt,97,0,Noise,,,12918290,13096940,1614.78625,1637.1175
54,98_r54.txt,98,0,Noise,,,13096941,13234524,1637.117625,1654.3155
54,99_r54.txt,99,0,Noise,,,13234525,13374273,1654.315625,1671.784125
54,100_r54.txt,100,0,Noise,,,13374274,13526204,1671.78425,1690.7755
54,101_r54.txt,101,0,Noise,,,13526205,13677553,1690.775625,1709.694125
54,102_r54.txt,102,0,Noise,,,13677554,13821271,1709.69425,1727.658875
54,103_r54.txt,103,0,Noise,,,13821272,13971492,1727.659,1746.4365
54,104_r54.txt,104,0,Noise,,,13971493,14101165,1746.436625,1762.645625
54,105_r54.txt,105,0,Noise,,,14101166,14173968,1762.64575,1771.746
54,106_r54.txt,106,0,Noise,,,14173969,14263232,1771.746125,1782.904
54,107_r54.txt,107,0,Noise,,,14263233,14399522,1782.904125,1799.94025
54,108_r54.txt,108,0,Noise,,,14399523,14533909,1799.940375,1816.738625
55,1_r55.txt,1,0,Noise,,,0,98057,0.0,12.257125
55,2_r55.txt,2,0,Noise,,,98058,208348,12.25725,26.0435
55,3_r55.txt,3,0,Noise,,,208349,284877,26.043625,35.609625
55,4_r55.txt,4,0,Noise,,,284878,361588,35.60975,45.1985
55,5_r55.txt,5,0,Noise,,,361589,438989,45.198625,54.873625
55,6_r55.txt,6,0,Noise,,,438990,517226,54.87375,64.65325
55,7_r55.txt,7,0,Noise,,,517227,595943,64.653375,74.492875
55,8_r55.txt,8,0,Noise,,,595944,673269,74.493,84.158625
55,9_r55.txt,9,0,Noise,,,673270,751479,84.15875,93.934875
55,10_r55.txt,10,0,Noise,,,751480,830838,93.935,103.85475
55,11_r55.txt,11,0,Noise,,,830839,908327,103.854875,113.540875
55,12_r55.txt,12,0,Noise,,,908328,984581,113.541,123.072625
55,13_r55.txt,13,0,Noise,,,984582,1062158,123.07275,132.76975
55,14_r55.txt,14,0,Noise,,,1062159,1141232,132.769875,142.654
55,15_r55.txt,15,0,Noise,,,1141233,1218663,142.654125,152.332875
55,16_r55.txt,16,0,Noise,,,1218664,1294613,152.333,161.826625
55,17_r55.txt,17,0,Noise,,,1294614,1370583,161.82675,171.322875
55,18_r55.txt,18,0,Noise,,,1370584,1447355,171.323,180.919375
55,19_r55.txt,19,0,Noise,,,1447356,1525230,180.9195,190.65375
55,20_r55.txt,20,0,Noise,,,1525231,1601804,190.653875,200.2255
55,21_r55.txt,21,0,Noise,,,1601805,1677420,200.225625,209.6775
55,22_r55.txt,22,0,Noise,,,1677421,1754960,209.677625,219.37
55,23_r55.txt,23,0,Noise,,,1754961,1833575,219.370125,229.196875
55,24_r55.txt,24,0,Noise,,,1833576,1910870,229.197,238.85875
55,25_r55.txt,25,0,Noise,,,1910871,1988492,238.858875,248.5615
55,26_r55.txt,26,0,Noise,,,1988493,2066686,248.561625,258.33575
55,27_r55.txt,27,0,Noise,,,2066687,2143122,258.335875,267.89025
55,28_r55.txt,28,0,Noise,,,2143123,2219413,267.890375,277.426625
55,29_r55.txt,29,0,Noise,,,2219414,2297052,277.42675,287.1315
55,30_r55.txt,30,0,Noise,,,2297053,2374617,287.131625,296.827125
55,31_r55.txt,31,0,Noise,,,2374618,2451873,296.82725,306.484125
55,32_r55.txt,32,0,Noise,,,2451874,2529672,306.48425,316.209
55,33_r55.txt,33,0,Noise,,,2529673,2607052,316.209125,325.8815
55,34_r55.txt,34,0,Noise,,,2607053,2682769,325.881625,335.346125
55,35_r55.txt,35,0,Noise,,,2682770,2758472,335.34625,344.809
55,36_r55.txt,36,0,Noise,,,2758473,2836158,344.809125,354.51975
55,37_r55.txt,37,0,Noise,,,2836159,2914487,354.519875,364.310875
55,38_r55.txt,38,0,Noise,,,2914488,2993402,364.311,374.17525
55,39_r55.txt,39,0,Noise,,,2993403,3070833,374.175375,383.854125
55,40_r55.txt,40,0,Noise,,,3070834,3148243,383.85425,393.530375
55,41_r55.txt,41,0,Noise,,,3148244,3226874,393.5305,403.35925
55,42_r55.txt,42,0,Noise,,,3226875,3303296,403.359375,412.912
55,43_r55.txt,43,0,Noise,,,3303297,3400509,412.912125,425.063625
55,44_r55.txt,44,0,Noise,,,3400510,3499235,425.06375,437.404375
55,45_r55.txt,45,0,Noise,,,3499236,3578634,437.4045,447.32925
55,46_r55.txt,46,0,Noise,,,3578635,3657733,447.329375,457.216625
55,47_r55.txt,47,0,Noise,,,3657734,3735017,457.21675,466.877125
55,48_r55.txt,48,0,Noise,,,3735018,3813100,466.87725,476.6375
55,49_r55.txt,49,0,Noise,,,3813101,3892490,476.637625,486.56125
55,50_r55.txt,50,0,Noise,,,3892491,3969478,486.561375,496.18475
55,51_r55.txt,51,0,Noise,,,3969479,4046778,496.184875,505.84725
55,52_r55.txt,52,0,Noise,,,4046779,4126052,505.847375,515.7565
55,53_r55.txt,53,0,Noise,,,4126053,4203399,515.756625,525.424875
55,54_r55.txt,54,0,Noise,,,4203400,4278067,525.425,534.758375
55,55_r55.txt,55,0,Noise,,,4278068,4354010,534.7585,544.25125
55,56_r55.txt,56,0,Noise,,,4354011,4420456,544.251375,552.557
55,57_r55.txt,57,0,Noise,,,4420457,4476025,552.557125,559.503125
55,58_r55.txt,58,0,Noise,,,4476026,4557604,559.50325,569.7005
55,59_r55.txt,59,0,Noise,,,4557605,4662699,569.700625,582.837375
55,60_r55.txt,60,0,Noise,,,4662700,4753453,582.8375,594.181625
55,61_r55.txt,61,0,Noise,,,4753454,4831534,594.18175,603.94175
55,62_r55.txt,62,0,Noise,,,4831535,4910259,603.941875,613.782375
55,63_r55.txt,63,0,Noise,,,4910260,4989252,613.7825,623.6565
55,64_r55.txt,64,0,Noise,,,4989253,5067571,623.656625,633.446375
55,65_r55.txt,65,0,Noise,,,5067572,5145943,633.4465,643.242875
55,66_r55.txt,66,0,Noise,,,5145944,5224327,643.243,653.040875
55,67_r55.txt,67,0,Noise,,,5224328,5301604,653.041,662.7005
55,68_r55.txt,68,0,Noise,,,5301605,5377947,662.700625,672.243375
55,69_r55.txt,69,0,Noise,,,5377948,5455199,672.2435,681.899875
55,70_r55.txt,70,0,Noise,,,5455200,5533199,681.9,691.649875
55,71_r55.txt,71,0,Noise,,,5533200,5611134,691.65,701.39175
55,72_r55.txt,72,0,Noise,,,5611135,5689754,701.391875,711.21925
55,73_r55.txt,73,0,Noise,,,5689755,5767506,711.219375,720.93825
55,74_r55.txt,74,0,Noise,,,5767507,5843264,720.938375,730.408
55,75_r55.txt,75,0,Noise,,,5843265,5919848,730.408125,739.981
55,76_r55.txt,76,0,Noise,,,5919849,5996780,739.981125,749.5975
55,77_r55.txt,77,0,Noise,,,5996781,6058403,749.597625,757.300375
55,78_r55.txt,78,0,Noise,,,6058404,6123281,757.3005,765.410125
55,79_r55.txt,79,0,Noise,,,6123282,6205587,765.41025,775.698375
55,80_r55.txt,80,0,Noise,,,6205588,6287050,775.6985,785.88125
55,81_r55.txt,81,0,Noise,,,6287051,6367355,785.881375,795.919375
55,82_r55.txt,82,0,Noise,,,6367356,6448109,795.9195,806.013625
55,83_r55.txt,83,0,Noise,,,6448110,6523785,806.01375,815.473125
55,84_r55.txt,84,0,Noise,,,6523786,6603290,815.47325,825.41125
55,85_r55.txt,85,0,Noise,,,6603291,6685658,825.411375,835.70725
55,86_r55.txt,86,0,Noise,,,6685659,6761661,835.707375,845.207625
55,87_r55.txt,87,0,Noise,,,6761662,6839503,845.20775,854.937875
55,88_r55.txt,88,0,Noise,,,6839504,6917330,854.938,864.66625
55,89_r55.txt,89,0,Noise,,,6917331,6992521,864.666375,874.065125
55,90_r55.txt,90,0,Noise,,,6992522,7068540,874.06525,883.5675
55,91_r55.txt,91,0,Noise,,,7068541,7147294,883.567625,893.41175
55,92_r55.txt,92,0,Noise,,,7147295,7226154,893.411875,903.26925
55,93_r55.txt,93,0,Noise,,,7226155,7304129,903.269375,913.016125
55,94_r55.txt,94,0,Noise,,,7304130,7381169,913.01625,922.646125
55,95_r55.txt,95,0,Noise,,,7381170,7457983,922.64625,932.247875
55,96_r55.txt,96,0,Noise,,,7457984,7537635,932.248,942.204375
55,97_r55.txt,97,0,Noise,,,7537636,7617482,942.2045,952.18525
55,98_r55.txt,98,0,Noise,,,7617483,7694846,952.185375,961.85575
55,99_r55.txt,99,0,Noise,,,7694847,7769584,961.855875,971.198
55,100_r55.txt,100,0,Noise,,,7769585,7844087,971.198125,980.510875
55,101_r55.txt,101,0,Noise,,,7844088,7920942,980.511,990.11775
55,102_r55.txt,102,0,Noise,,,7920943,7997937,990.117875,999.742125
55,103_r55.txt,103,0,Noise,,,7997938,8073851,999.74225,1009.231375
55,104_r55.txt,104,0,Noise,,,8073852,8150177,1009.2315,1018.772125
55,105_r55.txt,105,0,Noise,,,8150178,8226975,1018.77225,1028.371875
55,106_r55.txt,106,0,Noise,,,8226976,8305489,1028.372,1038.186125
55,107_r55.txt,107,0,Noise,,,8305490,8384846,1038.18625,1048.10575
55,108_r55.txt,108,0,Noise,,,8384847,8460742,1048.105875,1057.59275
55,109_r55.txt,109,0,Noise,,,8460743,8565947,1057.592875,1070.743375
55,110_r55.txt,110,0,Noise,,,8565948,8681759,1070.7435,1085.219875
55,111_r55.txt,111,0,Noise,,,8681760,8772037,1085.22,1096.504625
55,112_r55.txt,112,0,Noise,,,8772038,8848071,1096.50475,1106.008875
55,113_r55.txt,113,0,Noise,,,8848072,8937526,1106.009,1117.19075
55,114_r55.txt,114,0,Noise,,,8937527,9032767,1117.190875,1129.095875
55,115_r55.txt,115,0,Noise,,,9032768,9112941,1129.096,1139.117625
55,116_r55.txt,116,0,Noise,,,9112942,9192625,1139.11775,1149.078125
55,117_r55.txt,117,0,Noise,,,9192626,9267733,1149.07825,1158.466625
55,118_r55.txt,118,0,Noise,,,9267734,9343891,1158.46675,1167.986375
55,119_r55.txt,119,0,Noise,,,9343892,9421455,1167.9865,1177.681875
55,120_r55.txt,120,0,Noise,,,9421456,9497906,1177.682,1187.23825
55,121_r55.txt,121,0,Noise,,,9497907,9575335,1187.238375,1196.916875
55,122_r55.txt,122,0,Noise,,,9575336,9654160,1196.917,1206.77
55,123_r55.txt,123,0,Noise,,,9654161,9732929,1206.770125,1216.616125
55,124_r55.txt,124,0,Noise,,,9732930,9811074,1216.61625,1226.38425
55,125_r55.txt,125,0,Noise,,,9811075,9890036,1226.384375,1236.2545
55,126_r55.txt,126,0,Noise,,,9890037,9960381,1236.254625,1245.047625
55,127_r55.txt,127,0,Noise,,,9960382,10023610,1245.04775,1252.95125
55,128_r55.txt,128,0,Noise,,,10023611,10114847,1252.951375,1264.355875
55,129_r55.txt,129,0,Noise,,,10114848,10212806,1264.356,1276.60075
55,130_r55.txt,130,0,Noise,,,10212807,10292442,1276.600875,1286.55525
55,131_r55.txt,131,0,Noise,,,10292443,10370078,1286.555375,1296.25975
55,132_r55.txt,132,0,Noise,,,10370079,10444818,1296.259875,1305.60225
55,133_r55.txt,133,0,Noise,,,10444819,10520685,1305.602375,1315.085625
55,134_r55.txt,134,0,Noise,,,10520686,10599653,1315.08575,1324.956625
55,135_r55.txt,135,0,Noise,,,10599654,10678997,1324.95675,1334.874625
55,136_r55.txt,136,0,Noise,,,10678998,10757486,1334.87475,1344.68575
55,137_r55.txt,137,0,Noise,,,10757487,10837088,1344.685875,1354.636
55,138_r55.txt,138,0,Noise,,,10837089,10915615,1354.636125,1364.451875
55,139_r55.txt,139,0,Noise,,,10915616,10993410,1364.452,1374.17625
55,140_r55.txt,140,0,Noise,,,10993411,11071147,1374.176375,1383.893375
55,141_r55.txt,141,0,Noise,,,11071148,11148759,1383.8935,1393.594875
55,142_r55.txt,142,0,Noise,,,11148760,11227626,1393.595,1403.45325
55,143_r55.txt,143,0,Noise,,,11227627,11305217,1403.453375,1413.152125
55,144_r55.txt,144,0,Noise,,,11305218,11382286,1413.15225,1422.78575
55,145_r55.txt,145,0,Noise,,,11382287,11459272,1422.785875,1432.409
55,146_r55.txt,146,0,Noise,,,11459273,11527404,1432.409125,1440.9255
55,147_r55.txt,147,0,Noise,,,11527405,11585964,1440.925625,1448.2455
55,148_r55.txt,148,0,Noise,,,11585965,11647895,1448.245625,1455.986875
55,149_r55.txt,149,0,Noise,,,11647896,11730894,1455.987,1466.36175
55,150_r55.txt,150,0,Noise,,,11730895,11870211,1466.361875,1483.776375
55,151_r55.txt,151,0,Noise,,,11870212,12000533,1483.7765,1500.066625
55,152_r55.txt,152,0,Noise,,,12000534,12080776,1500.06675,1510.097
55,153_r55.txt,153,0,Noise,,,12080777,12162250,1510.097125,1520.28125
55,154_r55.txt,154,0,Noise,,,12162251,12244023,1520.281375,1530.502875
55,155_r55.txt,155,0,Noise,,,12244024,12323634,1530.503,1540.45425
55,156_r55.txt,156,0,Noise,,,12323635,12398907,1540.454375,1549.863375
55,157_r55.txt,157,0,Noise,,,12398908,12460926,1549.8635,1557.61575
55,158_r55.txt,158,0,Noise,,,12460927,12550609,1557.615875,1568.826125
55,159_r55.txt,159,0,Noise,,,12550610,12653470,1568.82625,1581.68375
55,160_r55.txt,160,0,Noise,,,12653471,12733123,1581.683875,1591.640375
55,161_r55.txt,161,0,Noise,,,12733124,12813190,1591.6405,1601.64875
55,162_r55.txt,162,0,Noise,,,12813191,12893835,1601.648875,1611.729375
55,163_r55.txt,163,0,Noise,,,12893836,12974113,1611.7295,1621.764125
55,164_r55.txt,164,0,Noise,,,12974114,13069034,1621.76425,1633.62925
55,165_r55.txt,165,0,Noise,,,13069035,13184088,1633.629375,1648.011
55,166_r55.txt,166,0,Noise,,,13184089,13290886,1648.011125,1661.36075
55,167_r55.txt,167,0,Noise,,,13290887,13399289,1661.360875,1674.911125
55,168_r55.txt,168,0,Noise,,,13399290,13501345,1674.91125,1687.668125
55,169_r55.txt,169,0,Noise,,,13501346,13582948,1687.66825,1697.8685
55,170_r55.txt,170,0,Noise,,,13582949,13664260,1697.868625,1708.0325
55,171_r55.txt,171,0,Noise,,,13664261,13743239,1708.032625,1717.904875
55,172_r55.txt,172,0,Noise,,,13743240,13817715,1717.905,1727.214375
55,173_r55.txt,173,0,Noise,,,13817716,13910201,1727.2145,1738.775125
55,174_r55.txt,174,0,Noise,,,13910202,14006346,1738.77525,1750.79325
55,175_r55.txt,175,0,Noise,,,14006347,14082295,1750.793375,1760.286875
55,176_r55.txt,176,0,Noise,,,14082296,14168064,1760.287,1771.008
55,177_r55.txt,177,0,Noise,,,14168065,14257000,1771.008125,1782.125
55,178_r55.txt,178,0,Noise,,,14257001,14335332,1782.125125,1791.9165
55,179_r55.txt,179,0,Noise,,,14335333,14415335,1791.916625,1801.916875
55,180_r55.txt,180,0,Noise,,,14415336,14519999,1801.917,1814.999875
58,1_r58.txt,1,0,Noise,,,0,89334,0.0,11.16675
58,2_r58.txt,2,0,Noise,,,89335,221046,11.166875,27.63075
58,3_r58.txt,3,0,Noise,,,221047,302032,27.630875,37.754
58,4_r58.txt,4,0,Noise,,,302033,408486,37.754125,51.06075
58,5_r58.txt,5,0,Noise,,,408487,511471,51.060875,63.933875
58,6_r58.txt,6,0,Noise,,,511472,584103,63.934,73.012875
58,7_r58.txt,7,0,Noise,,,584104,671308,73.013,83.9135
58,8_r58.txt,8,0,Noise,,,671309,756699,83.913625,94.587375
58,9_r58.txt,9,0,Noise,,,756700,838267,94.5875,104.783375
58,10_r58.txt,10,0,Noise,,,838268,912567,104.7835,114.070875
58,11_r58.txt,11,0,Noise,,,912568,969178,114.071,121.14725
58,12_r58.txt,12,0,Noise,,,969179,1060676,121.147375,132.5845
58,13_r58.txt,13,0,Noise,,,1060677,1152407,132.584625,144.050875
58,14_r58.txt,14,0,Noise,,,1152408,1228048,144.051,153.506
58,15_r58.txt,15,0,Noise,,,1228049,1351015,153.506125,168.876875
58,16_r58.txt,16,0,Noise,,,1351016,1508107,168.877,188.513375
58,17_r58.txt,17,0,Noise,,,1508108,1620124,188.5135,202.5155
58,18_r58.txt,18,0,Noise,,,1620125,1696001,202.515625,212.000125
58,19_r58.txt,19,0,Noise,,,1696002,1778259,212.00025,222.282375
58,20_r58.txt,20,0,Noise,,,1778260,1896614,222.2825,237.07675
58,21_r58.txt,21,0,Noise,,,1896615,2032394,237.076875,254.04925
58,22_r58.txt,22,0,Noise,,,2032395,2129435,254.049375,266.179375
58,23_r58.txt,23,0,Noise,,,2129436,2223739,266.1795,277.967375
58,24_r58.txt,24,0,Noise,,,2223740,2318967,277.9675,289.870875
58,25_r58.txt,25,0,Noise,,,2318968,2391841,289.871,298.980125
58,26_r58.txt,26,0,Noise,,,2391842,2465606,298.98025,308.20075
58,27_r58.txt,27,0,Noise,,,2465607,2541869,308.200875,317.733625
58,28_r58.txt,28,0,Noise,,,2541870,2608169,317.73375,326.021125
58,29_r58.txt,29,0,Noise,,,2608170,2695293,326.02125,336.911625
58,30_r58.txt,30,0,Noise,,,2695294,2798094,336.91175,349.76175
58,31_r58.txt,31,0,Noise,,,2798095,2906243,349.761875,363.280375
58,32_r58.txt,32,0,Noise,,,2906244,3081978,363.2805,385.24725
58,33_r58.txt,33,0,Noise,,,3081979,3225898,385.247375,403.23725
58,34_r58.txt,34,0,Noise,,,3225899,3278960,403.237375,409.87
58,35_r58.txt,35,0,Noise,,,3278961,3336731,409.870125,417.091375
58,36_r58.txt,36,0,Noise,,,3336732,3392813,417.0915,424.101625
58,37_r58.txt,37,0,Noise,,,3392814,3513322,424.10175,439.16525
58,38_r58.txt,38,0,Noise,,,3513323,3641004,439.165375,455.1255
58,39_r58.txt,39,0,Noise,,,3641005,3723335,455.125625,465.416875
58,40_r58.txt,40,0,Noise,,,3723336,3816769,465.417,477.096125
58,41_r58.txt,41,0,Noise,,,3816770,3889471,477.09625,486.183875
58,42_r58.txt,42,0,Noise,,,3889472,4009264,486.184,501.158
58,43_r58.txt,43,0,Noise,,,4009265,4131327,501.158125,516.415875
58,44_r58.txt,44,0,Noise,,,4131328,4186775,516.416,523.346875
58,45_r58.txt,45,0,Noise,,,4186776,4295659,523.347,536.957375
58,46_r58.txt,46,0,Noise,,,4295660,4492312,536.9575,561.539
58,47_r58.txt,47,0,Noise,,,4492313,4644976,561.539125,580.622
58,48_r58.txt,48,0,Noise,,,4644977,4715320,580.622125,589.415
58,49_r58.txt,49,0,Noise,,,4715321,4800186,589.415125,600.02325
58,50_r58.txt,50,0,Noise,,,4800187,4907026,600.023375,613.37825
58,51_r58.txt,51,0,Noise,,,4907027,4984856,613.378375,623.107
58,52_r58.txt,52,0,Noise,,,4984857,5055794,623.107125,631.97425
58,53_r58.txt,53,0,Noise,,,5055795,5134144,631.974375,641.768
58,54_r58.txt,54,0,Noise,,,5134145,5191908,641.768125,648.9885
58,55_r58.txt,55,0,Noise,,,5191909,5312454,648.988625,664.05675
58,56_r58.txt,56,0,Noise,,,5312455,5493352,664.056875,686.669
58,57_r58.txt,57,0,Noise,,,5493353,5612664,686.669125,701.583
58,58_r58.txt,58,0,Noise,,,5612665,5690534,701.583125,711.31675
58,59_r58.txt,59,0,Noise,,,5690535,5762447,711.316875,720.305875
58,60_r58.txt,60,0,Noise,,,5762448,5839581,720.306,729.947625
58,61_r58.txt,61,0,Noise,,,5839582,5920471,729.94775,740.058875
58,62_r58.txt,62,0,Noise,,,5920472,5996184,740.059,749.523
58,63_r58.txt,63,0,Noise,,,5996185,6126898,749.523125,765.86225
58,64_r58.txt,64,0,Noise,,,6126899,6242645,765.862375,780.330625
58,65_r58.txt,65,0,Noise,,,6242646,6320197,780.33075,790.024625
58,66_r58.txt,66,0,Noise,,,6320198,6395171,790.02475,799.396375
58,67_r58.txt,67,0,Noise,,,6395172,6453000,799.3965,806.625
58,68_r58.txt,68,0,Noise,,,6453001,6513800,806.625125,814.225
58,69_r58.txt,69,0,Noise,,,6513801,6569971,814.225125,821.246375
58,70_r58.txt,70,0,Noise,,,6569972,6646557,821.2465,830.819625
58,71_r58.txt,71,0,Noise,,,6646558,6729984,830.81975,841.248
58,72_r58.txt,72,0,Noise,,,6729985,6857995,841.248125,857.249375
58,73_r58.txt,73,0,Noise,,,6857996,6980204,857.2495,872.5255
58,74_r58.txt,74,0,Noise,,,6980205,7033554,872.525625,879.19425
58,75_r58.txt,75,0,Noise,,,7033555,7115894,879.194375,889.48675
58,76_r58.txt,76,0,Noise,,,7115895,7214880,889.486875,901.86
58,77_r58.txt,77,0,Noise,,,7214881,7293296,901.860125,911.662
58,78_r58.txt,78,0,Noise,,,7293297,7405645,911.662125,925.705625
58,79_r58.txt,79,0,Noise,,,7405646,7513215,925.70575,939.151875
58,80_r58.txt,80,0,Noise,,,7513216,7585632,939.152,948.204
58,81_r58.txt,81,0,Noise,,,7585633,7690570,948.204125,961.32125
58,82_r58.txt,82,0,Noise,,,7690571,7786387,961.321375,973.298375
58,83_r58.txt,83,0,Noise,,,7786388,7854313,973.2985,981.789125
58,84_r58.txt,84,0,Noise,,,7854314,7929683,981.78925,991.210375
58,85_r58.txt,85,0,Noise,,,7929684,8006480,991.2105,1000.81
58,86_r58.txt,86,0,Noise,,,8006481,8075721,1000.810125,1009.465125
58,87_r58.txt,87,0,Noise,,,8075722,8144502,1009.46525,1018.06275
58,88_r58.txt,88,0,Noise,,,8144503,8296549,1018.062875,1037.068625
58,89_r58.txt,89,0,Noise,,,8296550,8485328,1037.06875,1060.666
58,90_r58.txt,90,0,Noise,,,8485329,8590528,1060.666125,1073.816
58,91_r58.txt,91,0,Noise,,,8590529,8702525,1073.816125,1087.815625
58,92_r58.txt,92,0,Noise,,,8702526,8822875,1087.81575,1102.859375
58,93_r58.txt,93,0,Noise,,,8822876,8967688,1102.8595,1120.961
58,94_r58.txt,94,0,Noise,,,8967689,9127864,1120.961125,1140.983
58,95_r58.txt,95,0,Noise,,,9127865,9233116,1140.983125,1154.1395
58,96_r58.txt,96,0,Noise,,,9233117,9342595,1154.139625,1167.824375
58,97_r58.txt,97,0,Noise,,,9342596,9434969,1167.8245,1179.371125
58,98_r58.txt,98,0,Noise,,,9434970,9510562,1179.37125,1188.82025
58,99_r58.txt,99,0,Noise,,,9510563,9697079,1188.820375,1212.134875
58,100_r58.txt,100,0,Noise,,,9697080,9874116,1212.135,1234.2645
58,101_r58.txt,101,0,Noise,,,9874117,9957836,1234.264625,1244.7295
58,102_r58.txt,102,0,Noise,,,9957837,10155021,1244.729625,1269.377625
58,103_r58.txt,103,0,Noise,,,10155022,10353324,1269.37775,1294.1655
58,104_r58.txt,104,0,Noise,,,10353325,10461405,1294.165625,1307.675625
58,105_r58.txt,105,0,Noise,,,10461406,10572350,1307.67575,1321.54375
58,106_r58.txt,106,0,Noise,,,10572351,10690291,1321.543875,1336.286375
58,107_r58.txt,107,0,Noise,,,10690292,10800652,1336.2865,1350.0815
58,108_r58.txt,108,0,Noise,,,10800653,10892423,1350.081625,1361.552875
58,109_r58.txt,109,0,Noise,,,10892424,10998459,1361.553,1374.807375
58,110_r58.txt,110,0,Noise,,,10998460,11133640,1374.8075,1391.705
58,111_r58.txt,111,0,Noise,,,11133641,11239195,1391.705125,1404.899375
58,112_r58.txt,112,0,Noise,,,11239196,11300220,1404.8995,1412.5275
58,113_r58.txt,113,0,Noise,,,11300221,11369906,1412.527625,1421.23825
58,114_r58.txt,114,0,Noise,,,11369907,11602933,1421.238375,1450.366625
58,115_r58.txt,115,0,Noise,,,11602934,11820853,1450.36675,1477.606625
58,116_r58.txt,116,0,Noise,,,11820854,11892747,1477.60675,1486.593375
58,117_r58.txt,117,0,Noise,,,11892748,11988806,1486.5935,1498.60075
58,118_r58.txt,118,0,Noise,,,11988807,12089671,1498.600875,1511.208875
58,119_r58.txt,119,0,Noise,,,12089672,12186162,1511.209,1523.27025
58,120_r58.txt,120,0,Noise,,,12186163,12290959,1523.270375,1536.369875
58,121_r58.txt,121,0,Noise,,,12290960,12395409,1536.37,1549.426125
58,122_r58.txt,122,0,Noise,,,12395410,12467394,1549.42625,1558.42425
58,123_r58.txt,123,0,Noise,,,12467395,12544825,1558.424375,1568.103125
58,124_r58.txt,124,0,Noise,,,12544826,12731418,1568.10325,1591.42725
58,125_r58.txt,125,0,Noise,,,12731419,12916291,1591.427375,1614.536375
58,126_r58.txt,126,0,Noise,,,12916292,13086704,1614.5365,1635.838
58,127_r58.txt,127,0,Noise,,,13086705,13240611,1635.838125,1655.076375
58,128_r58.txt,128,0,Noise,,,13240612,13310042,1655.0765,1663.75525
58,129_r58.txt,129,0,Noise,,,13310043,13429082,1663.755375,1678.63525
58,130_r58.txt,130,0,Noise,,,13429083,13539188,1678.635375,1692.3985
58,131_r58.txt,131,0,Noise,,,13539189,13615039,1692.398625,1701.879875
58,132_r58.txt,132,0,Noise,,,13615040,13696537,1701.88,1712.067125
58,133_r58.txt,133,0,Noise,,,13696538,13777542,1712.06725,1722.19275
58,134_r58.txt,134,0,Noise,,,13777543,13856223,1722.192875,1732.027875
58,135_r58.txt,135,0,Noise,,,13856224,14006005,1732.028,1750.750625
58,136_r58.txt,136,0,Noise,,,14006006,14184150,1750.75075,1773.01875
58,137_r58.txt,137,0,Noise,,,14184151,14316328,1773.018875,1789.541
58,138_r58.txt,138,0,Noise,,,14316329,14471999,1789.541125,1808.999875
